Temperature_C,pH,Initial_Bacteria_CFU,Fat_Content_Percent,Humidity_Percent,Milk_Type,Shelf_Life_Hours,Quality_Label
2.7,6.72,5640,3.14,62.0,Whole Milk,396,High
12.1,6.68,2889,3.1,60.6,Whole Milk,153,Medium
3.0,6.74,7085,2.18,69.6,2% Milk,392,High
2.0,6.68,5085,3.26,69.2,Whole Milk,348,High
11.4,6.71,9046,3.24,69.6,Whole Milk,139,Medium
3.6,6.7,2988,2.05,67.1,2% Milk,269,High
4.3,6.77,6480,0.1,68.8,Fat-Free Milk,268,High
5.8,6.76,2611,0.06,73.3,Fat-Free Milk,309,High
4.3,6.67,6468,0.16,70.0,Fat-Free Milk,299,High
5.6,6.7,2110,0.14,78.8,Fat-Free Milk,262,High
5.0,6.71,7440,0.11,62.2,Fat-Free Milk,309,High
5.2,6.8,1920,3.38,59.8,Whole Milk,296,High
4.0,6.72,3143,0.03,73.7,Fat-Free Milk,301,High
7.5,6.67,2149,3.28,62.8,Whole Milk,228,High
4.8,6.85,5927,2.01,60.9,2% Milk,291,High
3.9,6.76,884,0.05,58.9,Fat-Free Milk,259,High
13.4,6.68,1887,0.06,55.8,Fat-Free Milk,122,Medium
4.5,6.69,1095,0.03,64.7,Fat-Free Milk,247,High
4.5,6.7,264,0.15,61.5,Fat-Free Milk,285,High
10.2,6.72,23359,3.31,65.3,Whole Milk,141,Medium
3.6,6.62,115110,1.96,71.5,2% Milk,132,Medium
2.2,6.69,760,0.15,65.3,Fat-Free Milk,339,High
2.1,6.74,628,3.31,59.9,Whole Milk,384,High
2.4,6.69,1952,0.06,63.8,Fat-Free Milk,343,High
9.5,6.72,18130,0.11,62.7,Fat-Free Milk,146,Medium
5.5,6.67,1051,0.01,68.9,Fat-Free Milk,298,High
3.8,6.62,4112,0.16,69.6,Fat-Free Milk,258,High
6.8,6.75,4753,2.16,73.2,2% Milk,227,High
12.8,6.62,5677,0.08,66.1,Fat-Free Milk,148,Medium
4.7,6.68,719,0.17,71.5,Fat-Free Milk,223,High
3.8,6.75,8482,3.23,61.2,Whole Milk,285,High
4.0,6.7,1204,3.47,59.2,Whole Milk,271,High
2.7,6.75,7310,3.19,76.2,Whole Milk,343,High
9.5,6.71,24181,3.16,62.0,Whole Milk,164,Medium
2.4,6.66,590,2.05,65.9,2% Milk,311,High
4.4,6.67,994,3.28,65.3,Whole Milk,330,High
4.9,6.72,6814,3.34,61.5,Whole Milk,292,High
6.0,6.58,3926,2.1,67.4,2% Milk,125,Medium
4.4,6.67,306,2.05,62.8,2% Milk,293,High
1.6,6.66,10515,0.05,76.1,Fat-Free Milk,300,High
2.0,6.69,1573,3.17,68.6,Whole Milk,320,High
12.1,6.65,7626,3.24,59.3,Whole Milk,145,Medium
2.0,6.65,2041,2.02,59.6,2% Milk,400,High
8.9,6.77,1646,3.22,67.0,Whole Milk,188,High
13.5,6.59,8427,0.06,67.2,Fat-Free Milk,59,Low
2.5,6.72,2134,3.19,69.8,Whole Milk,364,High
2.9,6.68,8202,0.1,68.7,Fat-Free Milk,334,High
3.3,6.7,3220,-0.03,64.4,Fat-Free Milk,299,High
4.8,6.64,1615,0.07,69.2,Fat-Free Milk,262,High
5.4,6.69,751,3.19,66.5,Whole Milk,249,High
6.5,6.73,10800,3.31,61.0,Whole Milk,187,High
5.3,6.74,1924,3.17,66.4,Whole Milk,251,High
2.3,6.73,1347,0.14,60.4,Fat-Free Milk,430,High
12.8,6.65,9869,0.11,66.0,Fat-Free Milk,139,Medium
10.8,6.74,2954,0.13,59.0,Fat-Free Milk,156,Medium
11.1,6.62,4505,3.26,68.4,Whole Milk,161,Medium
2.5,6.67,7823,2.07,63.0,2% Milk,341,High
12.7,6.76,4298,0.07,67.9,Fat-Free Milk,144,Medium
6.3,6.78,5381,0.07,63.6,Fat-Free Milk,254,High
4.6,6.63,3184,3.28,63.3,Whole Milk,311,High
5.0,6.7,34700,0.1,62.3,Fat-Free Milk,220,High
6.4,6.72,1570,1.98,60.3,2% Milk,234,High
6.1,6.71,4154,0.13,63.3,Fat-Free Milk,255,High
4.4,6.67,5250,1.91,64.5,2% Milk,270,High
10.3,6.84,197,3.28,66.3,Whole Milk,160,Medium
9.4,6.66,91729,0.09,66.8,Fat-Free Milk,118,Medium
5.1,6.74,2491,1.97,58.6,2% Milk,243,High
7.2,6.6,2064,1.97,59.3,2% Milk,219,High
2.5,6.72,890,3.07,67.4,Whole Milk,358,High
4.0,6.7,2306,0.18,62.7,Fat-Free Milk,291,High
5.4,6.77,1935,1.92,66.4,2% Milk,274,High
5.1,6.74,280,1.97,63.5,2% Milk,253,High
7.2,6.74,1086,0.16,61.8,Fat-Free Milk,246,High
4.6,6.72,3015,0.12,71.9,Fat-Free Milk,270,High
3.1,6.75,3217,1.92,68.9,2% Milk,365,High
2.4,6.59,3903,3.26,64.8,Whole Milk,195,High
3.9,6.67,12180,0.09,66.3,Fat-Free Milk,236,High
3.2,6.7,3767,2.09,70.1,2% Milk,320,High
6.5,6.73,2729,2.13,63.3,2% Milk,221,High
3.5,6.75,5361,3.05,73.8,Whole Milk,309,High
7.8,6.7,1901,3.27,66.0,Whole Milk,204,High
5.4,6.67,3076,2.97,69.0,Whole Milk,282,High
2.6,6.65,2195,0.14,63.1,Fat-Free Milk,321,High
5.6,6.66,2345,3.09,58.1,Whole Milk,245,High
5.4,6.77,1192,3.15,72.2,Whole Milk,306,High
4.8,6.74,2203,2.01,59.9,2% Milk,280,High
4.3,6.77,6642,0.02,70.7,Fat-Free Milk,237,High
8.6,6.7,2493,0.11,62.9,Fat-Free Milk,146,Medium
4.1,6.63,2808,1.98,64.2,2% Milk,293,High
9.5,6.72,20520,3.26,60.8,Whole Milk,136,Medium
4.2,6.73,2758,0.13,65.8,Fat-Free Milk,243,High
8.6,6.62,56081,1.95,67.1,2% Milk,115,Medium
4.0,6.75,15171,0.08,64.6,Fat-Free Milk,220,High
4.5,6.74,3208,0.14,62.7,Fat-Free Milk,278,High
4.6,6.71,577,3.34,61.1,Whole Milk,285,High
6.6,6.76,5077,1.89,66.8,2% Milk,260,High
4.7,6.72,5892,0.08,60.8,Fat-Free Milk,288,High
12.7,6.74,1512,3.34,65.4,Whole Milk,100,Medium
8.1,6.69,10381,3.27,59.9,Whole Milk,165,Medium
9.8,6.69,11322,3.33,58.8,Whole Milk,160,Medium
3.6,6.69,1396,3.1,62.7,Whole Milk,296,High
10.0,6.63,3799,0.12,67.6,Fat-Free Milk,163,Medium
2.6,6.74,2826,2.16,65.5,2% Milk,321,High
4.9,6.66,4219,3.25,71.1,Whole Milk,280,High
10.0,6.78,8010,3.14,67.6,Whole Milk,198,High
0.0,6.72,2371,1.93,67.4,2% Milk,431,High
5.2,6.68,2120,0.05,58.7,Fat-Free Milk,263,High
10.9,6.69,1344,3.34,63.6,Whole Milk,153,Medium
1.0,6.73,3602,2.03,67.8,2% Milk,398,High
8.7,6.76,1874,0.13,65.1,Fat-Free Milk,160,Medium
12.6,6.67,24520,2.11,63.5,2% Milk,108,Medium
9.2,6.79,2689,0.09,69.4,Fat-Free Milk,195,High
3.3,6.68,1533,0.08,70.9,Fat-Free Milk,289,High
3.5,6.65,6448,2.17,64.0,2% Milk,320,High
10.1,6.68,916,3.09,59.7,Whole Milk,160,Medium
7.9,6.7,19907,0.04,66.5,Fat-Free Milk,167,Medium
6.6,6.79,288,3.28,72.1,Whole Milk,257,High
4.3,6.67,3604,1.88,58.7,2% Milk,306,High
2.4,6.74,6626,2.03,68.0,2% Milk,305,High
3.6,6.79,11254,2.07,65.3,2% Milk,256,High
2.9,6.72,5139,3.32,62.2,Whole Milk,337,High
6.0,6.77,465,2.09,69.5,2% Milk,266,High
11.9,6.74,9220,1.98,50.3,2% Milk,168,Medium
3.7,6.6,2448,2.01,59.0,2% Milk,299,High
8.7,6.73,1700,0.15,60.8,Fat-Free Milk,164,Medium
3.6,6.66,6732,0.14,54.4,Fat-Free Milk,333,High
3.9,6.75,7913,0.03,66.7,Fat-Free Milk,316,High
13.5,6.67,2670,3.23,72.4,Whole Milk,136,Medium
5.9,6.7,1815,1.98,57.2,2% Milk,250,High
3.6,6.71,577,1.91,63.0,2% Milk,301,High
4.3,6.64,28221,0.14,67.5,Fat-Free Milk,243,High
2.8,6.77,4775,3.44,59.0,Whole Milk,346,High
7.2,6.64,1165,2.05,60.4,2% Milk,214,High
4.7,6.68,6143,0.12,58.7,Fat-Free Milk,301,High
10.0,6.6,304,3.3,63.9,Whole Milk,148,Medium
11.2,6.66,10528,3.12,67.8,Whole Milk,147,Medium
2.9,6.67,5954,0.15,56.5,Fat-Free Milk,300,High
2.9,6.69,2317,0.1,73.5,Fat-Free Milk,352,High
7.2,6.61,245,3.31,70.5,Whole Milk,202,High
3.1,6.66,950,2.01,57.8,2% Milk,342,High
6.7,6.64,1054,3.21,56.3,Whole Milk,231,High
4.6,6.75,1537,0.06,53.3,Fat-Free Milk,283,High
5.1,6.63,2034,0.15,62.8,Fat-Free Milk,247,High
5.3,6.75,4034,3.27,72.0,Whole Milk,254,High
1.0,6.7,12962,1.82,72.0,2% Milk,308,High
4.5,6.71,3895,2.21,64.7,2% Milk,297,High
2.7,6.78,1151,2.01,69.1,2% Milk,317,High
9.6,6.64,1764,3.08,63.5,Whole Milk,176,High
12.8,6.7,13658,2.07,71.6,2% Milk,85,Medium
8.8,6.72,33082,2.1,61.5,2% Milk,155,Medium
2.7,6.71,1616,0.12,64.1,Fat-Free Milk,317,High
5.1,6.71,2428,3.38,57.1,Whole Milk,245,High
4.5,6.73,10273,2.03,66.6,2% Milk,251,High
6.0,6.64,3781,2.07,64.6,2% Milk,244,High
10.4,6.74,6587,2.05,67.7,2% Milk,141,Medium
3.6,6.7,10042,2.26,64.3,2% Milk,274,High
9.7,6.65,1410,3.31,69.9,Whole Milk,153,Medium
2.8,6.71,6745,3.37,74.0,Whole Milk,360,High
2.5,6.76,5248,3.01,66.3,Whole Milk,319,High
1.6,6.77,6143,0.18,61.5,Fat-Free Milk,300,High
4.7,6.79,1001,0.14,66.0,Fat-Free Milk,294,High
15.0,6.75,783,3.06,65.0,Whole Milk,128,Medium
9.0,6.68,759,1.93,62.2,2% Milk,173,High
4.7,6.8,4741,3.32,57.7,Whole Milk,260,High
3.5,6.74,2472,0.09,68.6,Fat-Free Milk,308,High
9.5,6.73,17056,0.07,65.6,Fat-Free Milk,147,Medium
4.4,6.68,1866,0.15,67.0,Fat-Free Milk,297,High
11.8,6.69,1793,3.2,55.3,Whole Milk,166,Medium
4.4,6.66,4024,3.33,60.5,Whole Milk,298,High
7.1,6.65,886,0.09,60.6,Fat-Free Milk,201,High
2.4,6.72,1789,0.13,69.6,Fat-Free Milk,372,High
3.1,6.71,7870,1.95,72.9,2% Milk,305,High
3.8,6.74,2707,0.02,73.5,Fat-Free Milk,332,High
7.9,6.62,368,0.15,61.9,Fat-Free Milk,200,High
3.5,6.74,2304,3.44,65.7,Whole Milk,269,High
5.5,6.6,2490,3.42,55.8,Whole Milk,280,High
12.0,6.75,5579,3.25,73.7,Whole Milk,165,Medium
3.1,6.7,3679,2.03,63.5,2% Milk,322,High
2.4,6.68,3494,2.04,68.2,2% Milk,364,High
5.8,6.76,3820,3.37,67.2,Whole Milk,297,High
5.4,6.77,1433,3.32,62.9,Whole Milk,272,High
13.8,6.65,1665,0.06,61.5,Fat-Free Milk,136,Medium
1.5,6.62,35559,1.96,57.1,2% Milk,332,High
6.4,6.65,4923,2.15,68.5,2% Milk,242,High
4.9,6.71,784,3.2,63.7,Whole Milk,214,High
13.4,6.77,2061,0.09,61.7,Fat-Free Milk,121,Medium
2.4,6.73,690,3.18,66.7,Whole Milk,417,High
2.9,6.73,929,2.17,74.9,2% Milk,361,High
3.3,6.76,1292,0.07,60.3,Fat-Free Milk,387,High
3.9,6.71,3478,0.1,65.3,Fat-Free Milk,309,High
4.4,6.7,5405,-0.01,62.4,Fat-Free Milk,329,High
6.1,6.72,1264,3.33,58.0,Whole Milk,261,High
4.6,6.7,3246,1.97,64.1,2% Milk,273,High
2.4,6.71,25046,1.87,66.7,2% Milk,273,High
5.0,6.62,35789,3.18,66.1,Whole Milk,224,High
2.9,6.76,10573,0.13,65.7,Fat-Free Milk,254,High
6.3,6.71,616,2.07,66.5,2% Milk,238,High
4.3,6.8,21163,2.13,61.3,2% Milk,240,High
1.3,6.7,8986,0.08,57.7,Fat-Free Milk,344,High
8.0,6.64,3957,2.04,69.7,2% Milk,189,High
1.0,6.68,27392,3.21,61.9,Whole Milk,308,High
4.2,6.68,1617,2.2,58.2,2% Milk,314,High
2.0,6.68,7460,0.09,62.5,Fat-Free Milk,308,High
2.1,6.74,1330,2.06,62.0,2% Milk,301,High
4.6,6.76,1606,3.27,62.1,Whole Milk,275,High
6.4,6.72,762,1.91,62.4,2% Milk,215,High
6.2,6.69,585,0.04,66.1,Fat-Free Milk,251,High
4.1,6.7,4782,2.13,66.3,2% Milk,272,High
4.8,6.74,1819,3.09,62.7,Whole Milk,168,Medium
3.6,6.76,565,0.06,63.8,Fat-Free Milk,378,High
4.3,6.67,4187,3.13,58.4,Whole Milk,317,High
12.2,6.78,12791,3.16,69.1,Whole Milk,100,Medium
4.3,6.72,19519,0.12,65.6,Fat-Free Milk,258,High
4.1,6.68,5093,1.97,45.7,2% Milk,269,High
3.9,6.71,871,0.06,75.1,Fat-Free Milk,252,High
2.7,6.71,1482,3.33,56.2,Whole Milk,329,High
12.6,6.77,2046,2.08,69.0,2% Milk,116,Medium
4.3,6.77,1224,0.08,67.6,Fat-Free Milk,275,High
7.1,6.65,1359,1.9,62.9,2% Milk,208,High
2.6,6.81,990,1.85,69.5,2% Milk,316,High
6.3,6.7,6721,1.83,65.4,2% Milk,265,High
9.4,6.74,1540,3.45,69.7,Whole Milk,178,High
4.2,6.79,1366,0.11,65.6,Fat-Free Milk,265,High
3.4,6.63,8635,3.2,70.5,Whole Milk,333,High
8.2,6.71,888,2.01,65.3,2% Milk,211,High
2.4,6.66,1594,0.08,56.3,Fat-Free Milk,378,High
3.1,6.81,1512,2.03,61.7,2% Milk,386,High
5.4,6.66,560,1.86,74.2,2% Milk,229,High
4.1,6.7,360,1.96,65.8,2% Milk,318,High
4.9,6.69,393,2.1,64.6,2% Milk,267,High
7.0,6.67,6336,3.41,66.2,Whole Milk,208,High
11.9,6.84,1261,1.86,64.2,2% Milk,152,Medium
2.7,6.75,1746,0.09,60.2,Fat-Free Milk,375,High
1.3,6.72,1606,0.14,72.1,Fat-Free Milk,358,High
4.3,6.66,2299,0.09,58.5,Fat-Free Milk,315,High
6.2,6.72,885,3.17,67.3,Whole Milk,250,High
3.4,6.65,3560,0.18,65.2,Fat-Free Milk,321,High
10.0,6.74,1167,1.95,63.7,2% Milk,199,High
14.4,6.64,3088,0.13,69.1,Fat-Free Milk,112,Medium
5.0,6.67,41321,0.24,68.6,Fat-Free Milk,212,High
7.2,6.74,12664,1.85,68.0,2% Milk,202,High
4.9,6.71,16592,3.17,71.2,Whole Milk,236,High
1.8,6.71,3121,1.83,66.2,2% Milk,403,High
2.6,6.72,6588,3.3,69.4,Whole Milk,425,High
10.6,6.77,5924,3.4,68.0,Whole Milk,166,Medium
5.5,6.81,3389,0.1,70.8,Fat-Free Milk,275,High
5.2,6.73,3850,2.04,70.3,2% Milk,240,High
3.4,6.78,2330,0.05,62.8,Fat-Free Milk,332,High
1.9,6.68,2300,0.05,63.2,Fat-Free Milk,381,High
11.5,6.67,1374,3.25,63.7,Whole Milk,162,Medium
7.6,6.72,15099,0.05,60.5,Fat-Free Milk,194,High
3.8,6.68,1136,0.12,65.1,Fat-Free Milk,308,High
4.9,6.67,1160,0.07,62.8,Fat-Free Milk,299,High
3.6,6.72,4839,2.0,67.7,2% Milk,368,High
2.4,6.67,1795,3.18,62.3,Whole Milk,329,High
3.4,6.76,20954,2.04,71.1,2% Milk,252,High
6.0,6.69,10065,2.05,64.3,2% Milk,175,High
10.8,6.6,1179,0.09,57.7,Fat-Free Milk,152,Medium
4.4,6.74,18945,3.17,60.3,Whole Milk,225,High
2.7,6.67,4545,1.98,66.7,2% Milk,342,High
8.7,6.68,1481,1.87,54.6,2% Milk,177,High
5.4,6.67,5668,0.04,60.4,Fat-Free Milk,279,High
4.2,6.71,3836,0.14,65.7,Fat-Free Milk,285,High
2.9,6.62,2563,0.11,73.8,Fat-Free Milk,367,High
3.7,6.71,1150,0.11,63.9,Fat-Free Milk,281,High
8.6,6.66,8894,1.94,61.8,2% Milk,198,High
5.3,6.62,2540,0.16,64.6,Fat-Free Milk,237,High
1.4,6.7,2124,3.15,61.4,Whole Milk,306,High
4.5,6.65,6594,3.39,67.6,Whole Milk,244,High
2.6,6.68,13909,0.07,60.5,Fat-Free Milk,278,High
4.7,6.73,2521,1.82,63.7,2% Milk,276,High
12.1,6.73,833,0.11,60.2,Fat-Free Milk,136,Medium
3.2,6.64,1210,0.12,65.7,Fat-Free Milk,391,High
2.3,6.65,588,3.17,60.2,Whole Milk,358,High
0.9,6.68,3852,0.16,72.6,Fat-Free Milk,376,High
2.5,6.66,2442,3.23,71.3,Whole Milk,281,High
5.0,6.82,8777,0.13,63.5,Fat-Free Milk,269,High
11.6,6.68,3267,3.31,67.1,Whole Milk,154,Medium
15.5,6.71,1380,1.89,69.0,2% Milk,104,Medium
2.2,6.62,1928,0.14,66.2,Fat-Free Milk,325,High
2.7,6.72,647,3.47,67.6,Whole Milk,342,High
5.3,6.7,784,0.09,58.0,Fat-Free Milk,244,High
11.3,6.62,107808,0.05,75.6,Fat-Free Milk,95,Medium
3.8,6.7,16108,0.04,59.9,Fat-Free Milk,262,High
14.0,6.74,1745,3.26,62.4,Whole Milk,116,Medium
3.9,6.67,1360,1.82,58.2,2% Milk,380,High
4.9,6.64,19309,0.11,60.7,Fat-Free Milk,217,High
3.3,6.7,472,3.33,62.5,Whole Milk,297,High
5.4,6.74,27411,1.88,75.1,2% Milk,172,High
4.4,6.8,1703,3.25,65.5,Whole Milk,313,High
3.1,6.7,8658,0.04,55.4,Fat-Free Milk,303,High
5.4,6.7,240,2.06,70.0,2% Milk,270,High
2.9,6.81,1404,0.06,65.4,Fat-Free Milk,298,High
4.3,6.68,4543,3.47,60.7,Whole Milk,256,High
4.7,6.78,1074,0.05,79.4,Fat-Free Milk,274,High
2.4,6.71,18418,2.04,63.0,2% Milk,278,High
13.6,6.8,219,0.03,67.9,Fat-Free Milk,122,Medium
8.1,6.64,12853,0.15,62.0,Fat-Free Milk,175,High
13.1,6.72,5197,3.2,64.7,Whole Milk,131,Medium
6.5,6.64,11382,3.28,71.1,Whole Milk,211,High
3.9,6.78,557,1.99,56.7,2% Milk,244,High
5.3,6.69,756,0.13,71.5,Fat-Free Milk,247,High
11.0,6.69,2604,3.26,63.3,Whole Milk,152,Medium
2.6,6.72,6145,0.08,68.7,Fat-Free Milk,390,High
4.7,6.66,2766,2.04,71.5,2% Milk,298,High
2.7,6.73,12072,2.03,66.3,2% Milk,312,High
4.9,6.75,11825,0.07,62.8,Fat-Free Milk,202,High
5.0,6.73,845,0.04,69.4,Fat-Free Milk,292,High
3.8,6.72,2069,3.41,67.5,Whole Milk,330,High
5.6,6.75,1612,0.04,72.0,Fat-Free Milk,264,High
1.8,6.71,25585,3.22,65.7,Whole Milk,310,High
2.3,6.65,1414,3.33,57.4,Whole Milk,344,High
3.5,6.73,8919,2.15,66.3,2% Milk,320,High
5.9,6.7,7903,0.11,63.5,Fat-Free Milk,266,High
5.6,6.68,11044,0.04,60.7,Fat-Free Milk,239,High
5.7,6.66,29846,0.08,66.1,Fat-Free Milk,198,High
5.3,6.63,6679,0.12,75.0,Fat-Free Milk,297,High
4.3,6.71,924,2.02,61.0,2% Milk,301,High
7.9,6.72,2167,0.13,65.5,Fat-Free Milk,177,High
2.3,6.74,2338,2.12,65.6,2% Milk,333,High
1.3,6.78,1366,3.18,71.4,Whole Milk,424,High
8.1,6.78,526,0.03,53.6,Fat-Free Milk,183,High
4.0,6.64,4348,0.11,70.8,Fat-Free Milk,279,High
2.5,6.73,2222,1.83,55.4,2% Milk,280,High
11.7,6.7,2551,1.93,65.1,2% Milk,162,Medium
1.0,6.66,7624,0.06,61.7,Fat-Free Milk,405,High
13.6,6.63,2404,3.24,57.3,Whole Milk,123,Medium
2.8,6.64,2192,0.13,67.4,Fat-Free Milk,331,High
4.2,6.8,5358,3.13,64.4,Whole Milk,294,High
5.4,6.72,30685,3.38,65.0,Whole Milk,163,Medium
14.9,6.69,2777,3.08,68.7,Whole Milk,120,Medium
3.5,6.79,1431,3.31,65.0,Whole Milk,291,High
5.5,6.77,745,0.11,67.6,Fat-Free Milk,257,High
5.0,6.79,20527,0.13,66.2,Fat-Free Milk,233,High
5.2,6.66,8972,0.12,62.8,Fat-Free Milk,269,High
0.0,6.58,25799,3.46,66.8,Whole Milk,189,High
11.0,6.63,1987,3.26,70.3,Whole Milk,190,High
5.9,6.72,1537,3.27,68.3,Whole Milk,276,High
5.9,6.65,458,0.03,66.8,Fat-Free Milk,248,High
4.3,6.67,1643,1.83,67.0,2% Milk,232,High
4.1,6.73,8167,0.15,56.3,Fat-Free Milk,328,High
11.7,6.71,1009,0.06,59.5,Fat-Free Milk,148,Medium
2.8,6.79,1227,2.13,58.9,2% Milk,365,High
3.2,6.64,5546,0.07,62.8,Fat-Free Milk,323,High
3.2,6.7,1623,3.26,64.5,Whole Milk,293,High
4.5,6.62,7195,0.1,64.4,Fat-Free Milk,267,High
5.0,6.58,5352,3.31,58.7,Whole Milk,128,Medium
7.2,6.64,5464,0.17,68.7,Fat-Free Milk,248,High
6.7,6.61,2767,2.12,67.6,2% Milk,249,High
6.5,6.71,1127,0.16,67.9,Fat-Free Milk,238,High
5.1,6.77,6354,3.37,64.1,Whole Milk,255,High
4.5,6.64,2655,0.16,67.5,Fat-Free Milk,243,High
0.7,6.75,1857,2.15,63.0,2% Milk,374,High
6.1,6.71,12634,1.93,64.9,2% Milk,216,High
5.4,6.7,1597,3.15,63.9,Whole Milk,267,High
3.7,6.7,175,0.07,74.5,Fat-Free Milk,276,High
11.7,6.66,315,1.92,61.2,2% Milk,143,Medium
10.9,6.71,1408,2.04,61.0,2% Milk,157,Medium
4.1,6.68,3673,3.44,70.2,Whole Milk,292,High
2.9,6.63,221,3.34,68.1,Whole Milk,325,High
5.8,6.64,1187,3.22,58.0,Whole Milk,242,High
6.1,6.72,5621,3.26,64.1,Whole Milk,191,High
3.7,6.76,2978,3.26,72.5,Whole Milk,343,High
11.6,6.75,2034,2.0,63.2,2% Milk,170,High
3.0,6.67,3449,1.94,54.3,2% Milk,334,High
2.3,6.66,12014,3.25,69.2,Whole Milk,226,High
5.2,6.7,173,0.06,70.9,Fat-Free Milk,254,High
2.6,6.67,1594,2.04,52.7,2% Milk,359,High
4.3,6.68,3134,3.33,59.2,Whole Milk,284,High
2.9,6.72,11758,3.06,67.3,Whole Milk,282,High
6.5,6.64,8627,3.25,64.2,Whole Milk,235,High
4.3,6.7,2530,3.24,74.7,Whole Milk,267,High
4.3,6.71,4189,3.18,61.7,Whole Milk,295,High
4.1,6.63,939,3.24,67.9,Whole Milk,290,High
0.0,6.63,5862,3.29,64.8,Whole Milk,430,High
2.4,6.63,32767,3.11,55.3,Whole Milk,262,High
6.2,6.58,1031,0.14,59.9,Fat-Free Milk,153,Medium
3.2,6.76,910,3.38,69.4,Whole Milk,354,High
3.7,6.69,847,2.07,65.5,2% Milk,254,High
3.2,6.73,15541,0.08,61.4,Fat-Free Milk,242,High
11.0,6.75,3116,0.08,72.8,Fat-Free Milk,156,Medium
3.0,6.68,3443,2.16,66.0,2% Milk,347,High
6.2,6.61,1514,0.2,67.7,Fat-Free Milk,228,High
3.6,6.7,680,0.09,56.4,Fat-Free Milk,294,High
0.5,6.68,3953,1.96,67.2,2% Milk,377,High
4.6,6.68,1985,2.05,59.2,2% Milk,308,High
2.3,6.67,2679,3.33,72.7,Whole Milk,364,High
4.6,6.67,2923,2.0,56.7,2% Milk,338,High
3.6,6.66,6522,2.11,63.6,2% Milk,303,High
3.1,6.65,2365,3.17,67.2,Whole Milk,368,High
3.4,6.66,11981,2.15,60.4,2% Milk,244,High
3.7,6.8,25453,1.96,70.2,2% Milk,232,High
0.1,6.72,2042,0.18,62.7,Fat-Free Milk,519,High
5.8,6.68,2807,0.0,67.2,Fat-Free Milk,251,High
2.8,6.74,974,0.09,71.1,Fat-Free Milk,290,High
4.5,6.74,897,1.91,67.0,2% Milk,266,High
5.4,6.68,128,0.09,73.2,Fat-Free Milk,295,High
3.3,6.64,3878,2.0,66.7,2% Milk,255,High
3.4,6.78,194,1.8,63.9,2% Milk,319,High
1.8,6.65,3185,3.38,63.6,Whole Milk,325,High
1.8,6.72,8429,0.08,62.1,Fat-Free Milk,409,High
4.1,6.78,2717,3.35,62.4,Whole Milk,351,High
3.5,6.71,107059,3.44,65.6,Whole Milk,177,High
3.2,6.74,3556,0.07,62.7,Fat-Free Milk,334,High
13.6,6.68,308,1.99,66.0,2% Milk,112,Medium
4.2,6.7,883,2.09,69.1,2% Milk,342,High
2.2,6.71,3711,2.01,62.8,2% Milk,328,High
1.7,6.69,3605,0.12,73.9,Fat-Free Milk,406,High
5.2,6.71,929,3.14,73.4,Whole Milk,293,High
8.2,6.7,12057,0.09,69.7,Fat-Free Milk,152,Medium
12.2,6.66,5583,2.13,58.0,2% Milk,140,Medium
7.7,6.66,12160,3.31,61.7,Whole Milk,159,Medium
5.8,6.73,1006,1.98,61.9,2% Milk,236,High
2.5,6.64,7551,3.21,61.3,Whole Milk,346,High
5.3,6.74,4108,3.4,55.3,Whole Milk,304,High
3.6,6.75,2391,3.25,62.5,Whole Milk,367,High
13.1,6.63,847,1.93,59.6,2% Milk,132,Medium
4.1,6.71,4316,1.87,67.6,2% Milk,259,High
10.4,6.68,375,0.15,69.3,Fat-Free Milk,181,High
4.7,6.68,37562,2.07,60.4,2% Milk,234,High
7.2,6.73,1192,0.11,60.3,Fat-Free Milk,222,High
3.4,6.68,1558,0.1,59.8,Fat-Free Milk,268,High
9.2,6.71,5945,3.3,56.5,Whole Milk,163,Medium
13.0,6.66,3003,0.13,66.4,Fat-Free Milk,140,Medium
5.1,6.66,12643,0.08,64.9,Fat-Free Milk,203,High
3.9,6.6,232,2.03,71.6,2% Milk,162,Medium
3.8,6.77,47274,2.07,62.5,2% Milk,245,High
5.4,6.74,3049,0.05,63.1,Fat-Free Milk,266,High
2.3,6.71,1100,2.03,67.2,2% Milk,343,High
5.4,6.72,1843,1.98,63.8,2% Milk,264,High
7.4,6.68,8857,1.98,70.5,2% Milk,241,High
2.4,6.63,3988,0.12,72.5,Fat-Free Milk,393,High
5.0,6.63,2441,0.16,69.9,Fat-Free Milk,290,High
8.8,6.75,4239,0.1,68.3,Fat-Free Milk,195,High
6.0,6.75,62596,0.1,65.6,Fat-Free Milk,145,Medium
5.4,6.72,10785,3.3,68.8,Whole Milk,260,High
4.2,6.75,1574,3.27,57.9,Whole Milk,309,High
5.5,6.69,1694,0.14,71.3,Fat-Free Milk,225,High
14.6,6.7,2117,0.07,66.2,Fat-Free Milk,114,Medium
3.9,6.7,19144,0.08,60.3,Fat-Free Milk,258,High
2.5,6.61,9801,0.17,63.4,Fat-Free Milk,357,High
4.4,6.73,785,2.21,64.9,2% Milk,293,High
1.8,6.74,8909,3.33,60.2,Whole Milk,352,High
5.0,6.7,284,3.21,63.2,Whole Milk,248,High
5.8,6.65,12711,0.08,60.7,Fat-Free Milk,228,High
4.5,6.68,2074,1.96,62.6,2% Milk,300,High
3.1,6.75,570,1.9,64.6,2% Milk,340,High
3.0,6.66,3865,3.31,62.2,Whole Milk,357,High
3.8,6.74,917,1.97,58.8,2% Milk,321,High
3.3,6.79,3985,0.08,63.0,Fat-Free Milk,301,High
2.0,6.72,359,3.32,70.2,Whole Milk,436,High
2.8,6.62,1180,1.88,71.4,2% Milk,350,High
2.8,6.77,536,3.23,72.3,Whole Milk,290,High
5.7,6.65,2706,0.18,59.8,Fat-Free Milk,258,High
2.7,6.73,3672,0.04,63.4,Fat-Free Milk,384,High
3.1,6.7,2430,2.11,59.1,2% Milk,327,High
3.2,6.68,2585,2.04,62.0,2% Milk,279,High
8.4,6.73,1803,0.08,63.0,Fat-Free Milk,204,High
10.3,6.68,603,0.02,64.0,Fat-Free Milk,194,High
16.0,6.74,2095,3.37,62.5,Whole Milk,95,Medium
0.0,6.69,772,1.87,65.8,2% Milk,480,High
3.5,6.72,1364,1.77,69.1,2% Milk,323,High
2.5,6.6,654,3.37,62.4,Whole Milk,349,High
5.4,6.69,3019,1.9,67.7,2% Milk,276,High
3.9,6.72,2909,1.73,71.3,2% Milk,315,High
7.8,6.72,16325,1.99,67.4,2% Milk,146,Medium
4.2,6.64,1381,3.37,68.7,Whole Milk,280,High
10.5,6.64,4491,0.05,72.8,Fat-Free Milk,185,High
6.6,6.69,12521,3.29,65.2,Whole Milk,215,High
14.0,6.69,512,0.06,63.5,Fat-Free Milk,138,Medium
6.4,6.73,3625,0.07,64.6,Fat-Free Milk,222,High
2.7,6.72,10789,3.39,67.2,Whole Milk,306,High
3.5,6.67,874,2.01,69.9,2% Milk,304,High
3.6,6.68,4933,0.16,67.4,Fat-Free Milk,295,High
15.2,6.68,6154,3.27,76.3,Whole Milk,112,Medium
5.3,6.59,2311,3.16,71.7,Whole Milk,120,Medium
5.8,6.69,7702,2.01,65.9,2% Milk,281,High
4.0,6.7,6426,0.04,56.8,Fat-Free Milk,307,High
11.9,6.66,2396,0.09,65.9,Fat-Free Milk,147,Medium
2.7,6.63,8327,1.92,64.1,2% Milk,332,High
10.3,6.75,2958,1.98,66.8,2% Milk,186,High
2.9,6.69,7359,3.3,67.2,Whole Milk,368,High
4.6,6.72,1233,3.29,72.7,Whole Milk,262,High
3.4,6.66,1448,0.04,57.9,Fat-Free Milk,412,High
1.8,6.76,1428,0.08,68.8,Fat-Free Milk,397,High
13.3,6.76,4982,2.09,71.6,2% Milk,118,Medium
12.3,6.69,3390,1.96,64.1,2% Milk,113,Medium
11.0,6.71,1475,2.1,63.4,2% Milk,165,Medium
4.9,6.75,583,2.17,76.7,2% Milk,293,High
5.0,6.73,423,2.1,67.7,2% Milk,232,High
6.3,6.73,2251,3.19,58.8,Whole Milk,225,High
4.2,6.66,15258,0.14,59.0,Fat-Free Milk,236,High
4.1,6.75,8014,0.03,63.9,Fat-Free Milk,259,High
3.3,6.68,2648,0.1,67.0,Fat-Free Milk,384,High
8.3,6.69,5245,2.06,61.6,2% Milk,208,High
3.6,6.71,580,3.36,55.8,Whole Milk,376,High
1.0,6.8,4704,3.16,60.8,Whole Milk,411,High
6.7,6.73,3284,0.07,63.8,Fat-Free Milk,257,High
6.6,6.68,2082,3.2,64.7,Whole Milk,241,High
4.9,6.65,900,3.43,71.7,Whole Milk,317,High
5.1,6.69,646,2.01,58.8,2% Milk,267,High
5.3,6.68,4105,2.04,67.4,2% Milk,265,High
4.0,6.7,387,3.23,58.5,Whole Milk,267,High
0.6,6.63,4386,-0.02,66.2,Fat-Free Milk,449,High
6.0,6.75,6261,0.05,79.9,Fat-Free Milk,301,High
5.6,6.7,10708,2.1,62.5,2% Milk,207,High
9.8,6.68,10175,1.94,56.9,2% Milk,134,Medium
5.3,6.71,4507,3.33,64.5,Whole Milk,237,High
5.4,6.7,3560,0.11,60.9,Fat-Free Milk,276,High
4.1,6.74,457,3.28,67.7,Whole Milk,313,High
5.7,6.67,15057,2.01,58.4,2% Milk,244,High
16.5,6.69,6275,2.03,64.1,2% Milk,80,Medium
11.8,6.6,8885,-0.0,60.5,Fat-Free Milk,77,Medium
3.5,6.72,5104,0.15,66.4,Fat-Free Milk,353,High
6.2,6.66,993,0.11,57.6,Fat-Free Milk,283,High
4.2,6.61,832,0.04,65.6,Fat-Free Milk,301,High
9.5,6.67,8675,0.13,63.5,Fat-Free Milk,161,Medium
3.9,6.74,5485,3.26,67.6,Whole Milk,241,High
7.3,6.63,1672,0.12,69.5,Fat-Free Milk,250,High
1.1,6.66,4217,3.2,67.7,Whole Milk,402,High
3.5,6.76,7778,3.47,68.6,Whole Milk,336,High
3.6,6.64,3233,3.16,66.2,Whole Milk,312,High
11.6,6.7,15833,3.36,62.7,Whole Milk,117,Medium
3.2,6.66,1578,3.14,64.9,Whole Milk,323,High
6.9,6.71,7270,3.23,75.4,Whole Milk,210,High
11.0,6.77,458,0.09,70.3,Fat-Free Milk,171,High
2.6,6.66,1908,0.08,69.6,Fat-Free Milk,278,High
11.9,6.67,1390,2.09,68.4,2% Milk,154,Medium
4.5,6.8,1218,0.11,57.3,Fat-Free Milk,290,High
1.9,6.71,1687,3.25,66.4,Whole Milk,348,High
2.9,6.74,4198,0.11,63.8,Fat-Free Milk,316,High
3.5,6.7,10884,1.87,60.7,2% Milk,235,High
2.6,6.66,2840,3.22,64.0,Whole Milk,312,High
4.9,6.7,6569,0.11,75.4,Fat-Free Milk,301,High
2.7,6.68,677,3.24,62.0,Whole Milk,347,High
1.2,6.72,2497,1.78,59.3,2% Milk,384,High
2.1,6.67,2457,0.17,62.3,Fat-Free Milk,343,High
3.3,6.69,13835,1.99,61.4,2% Milk,244,High
4.2,6.7,877,0.12,65.7,Fat-Free Milk,256,High
4.2,6.64,17232,0.1,66.1,Fat-Free Milk,266,High
3.8,6.66,605,0.23,55.2,Fat-Free Milk,309,High
3.1,6.79,4685,3.3,61.6,Whole Milk,338,High
10.9,6.74,5747,1.95,70.6,2% Milk,161,Medium
3.9,6.7,4024,3.07,57.5,Whole Milk,303,High
10.8,6.74,4198,3.28,60.6,Whole Milk,164,Medium
8.4,6.7,2049,2.22,61.2,2% Milk,209,High
4.1,6.7,1602,0.2,61.2,Fat-Free Milk,305,High
3.0,6.78,1303,3.15,65.7,Whole Milk,352,High
9.1,6.77,3472,0.08,69.4,Fat-Free Milk,175,High
6.1,6.76,7221,0.11,65.8,Fat-Free Milk,261,High
10.7,6.76,2946,1.98,70.6,2% Milk,156,Medium
12.5,6.69,1054,1.97,67.0,2% Milk,105,Medium
4.3,6.71,1245,0.06,66.6,Fat-Free Milk,354,High
2.6,6.75,2159,1.98,58.7,2% Milk,332,High
6.5,6.69,1456,3.27,72.9,Whole Milk,243,High
3.9,6.72,2196,1.97,58.7,2% Milk,302,High
2.7,6.69,4789,2.13,63.5,2% Milk,262,High
3.1,6.64,2211,0.02,63.8,Fat-Free Milk,349,High
10.4,6.76,2610,0.1,64.5,Fat-Free Milk,173,High
0.3,6.76,7821,2.15,60.1,2% Milk,467,High
5.5,6.64,27925,3.11,57.5,Whole Milk,185,High
7.9,6.73,1255,0.12,65.4,Fat-Free Milk,182,High
9.1,6.67,6892,2.15,68.6,2% Milk,164,Medium
4.2,6.77,8561,0.15,66.4,Fat-Free Milk,342,High
9.2,6.75,849,1.83,74.3,2% Milk,160,Medium
10.9,6.72,31692,-0.01,56.5,Fat-Free Milk,91,Medium
6.4,6.68,4967,3.2,64.7,Whole Milk,243,High
4.7,6.65,12136,1.8,66.3,2% Milk,275,High
18.1,6.74,3273,3.27,70.5,Whole Milk,69,Low
13.4,6.73,3102,3.28,75.7,Whole Milk,145,Medium
3.2,6.64,12797,0.12,70.8,Fat-Free Milk,263,High
11.4,6.74,7619,1.87,65.3,2% Milk,152,Medium
2.9,6.65,2530,1.91,65.0,2% Milk,325,High
4.2,6.7,1824,1.85,71.5,2% Milk,339,High
14.4,6.64,11870,0.08,78.1,Fat-Free Milk,81,Medium
3.2,6.69,6669,3.36,68.8,Whole Milk,370,High
3.5,6.67,4826,2.05,68.9,2% Milk,330,High
14.8,6.69,38946,1.98,73.9,2% Milk,66,Low
4.4,6.75,3232,2.13,60.0,2% Milk,304,High
4.0,6.66,570,3.28,67.6,Whole Milk,345,High
5.7,6.65,2426,1.77,63.3,2% Milk,256,High
14.5,6.61,272,2.0,64.5,2% Milk,114,Medium
4.2,6.66,1731,0.11,65.2,Fat-Free Milk,310,High
2.5,6.63,19004,3.16,63.7,Whole Milk,299,High
4.5,6.69,1205,3.28,64.0,Whole Milk,253,High
5.7,6.76,1275,3.28,63.1,Whole Milk,216,High
4.2,6.72,22988,2.1,66.7,2% Milk,256,High
5.1,6.74,3432,2.0,67.1,2% Milk,253,High
12.6,6.7,18079,2.19,76.2,2% Milk,85,Medium
3.5,6.67,919,0.02,63.6,Fat-Free Milk,238,High
2.4,6.7,1562,0.1,59.6,Fat-Free Milk,298,High
5.5,6.76,8100,2.04,75.5,2% Milk,280,High
6.7,6.73,1239,1.99,64.7,2% Milk,260,High
9.9,6.76,17959,0.04,66.5,Fat-Free Milk,150,Medium
5.5,6.63,1083,3.37,67.5,Whole Milk,325,High
10.4,6.69,2374,0.01,62.4,Fat-Free Milk,178,High
11.1,6.65,988,3.17,54.5,Whole Milk,195,High
3.7,6.73,12717,-0.01,65.2,Fat-Free Milk,267,High
3.3,6.71,1316,0.09,61.9,Fat-Free Milk,291,High
2.9,6.67,3191,1.89,71.8,2% Milk,293,High
4.6,6.74,1039,3.31,63.3,Whole Milk,299,High
16.3,6.73,4096,0.15,61.8,Fat-Free Milk,101,Medium
2.9,6.75,7639,3.29,60.6,Whole Milk,370,High
4.5,6.72,4040,0.06,70.2,Fat-Free Milk,290,High
5.1,6.69,6105,2.08,64.1,2% Milk,291,High
5.4,6.66,10684,0.1,63.5,Fat-Free Milk,207,High
10.0,6.67,805,0.03,52.6,Fat-Free Milk,178,High
12.7,6.81,1990,3.3,59.0,Whole Milk,125,Medium
3.7,6.63,8884,0.11,68.0,Fat-Free Milk,276,High
3.3,6.68,3762,0.13,61.4,Fat-Free Milk,275,High
4.0,6.75,15150,3.32,66.9,Whole Milk,244,High
2.8,6.69,5465,0.14,61.5,Fat-Free Milk,335,High
9.7,6.6,14325,1.89,70.8,2% Milk,56,Low
7.0,6.68,6520,2.06,66.5,2% Milk,200,High
10.5,6.62,6259,1.99,64.2,2% Milk,145,Medium
12.7,6.67,6160,1.92,58.0,2% Milk,141,Medium
2.8,6.72,1128,3.35,67.9,Whole Milk,292,High
6.6,6.68,10589,3.37,67.5,Whole Milk,177,High
13.1,6.74,5427,0.17,71.3,Fat-Free Milk,110,Medium
3.9,6.76,2540,3.28,62.3,Whole Milk,263,High
2.0,6.72,3010,3.23,59.9,Whole Milk,390,High
10.2,6.62,4315,3.04,67.3,Whole Milk,209,High
4.1,6.63,11527,3.09,71.6,Whole Milk,255,High
1.6,6.67,18893,3.2,63.1,Whole Milk,263,High
4.8,6.74,3620,3.46,67.4,Whole Milk,286,High
8.4,6.69,9149,1.86,72.3,2% Milk,235,High
4.5,6.75,732,3.37,71.5,Whole Milk,310,High
2.4,6.7,601,2.13,61.3,2% Milk,319,High
4.0,6.74,8442,0.13,64.1,Fat-Free Milk,317,High
7.4,6.76,17552,1.73,65.5,2% Milk,166,Medium
1.5,6.81,2953,3.07,75.0,Whole Milk,354,High
9.7,6.79,2321,1.92,61.7,2% Milk,189,High
10.5,6.67,6020,0.09,60.7,Fat-Free Milk,174,High
3.1,6.74,4099,1.72,61.3,2% Milk,256,High
11.6,6.75,1816,3.3,54.7,Whole Milk,158,Medium
3.1,6.75,3540,0.2,64.3,Fat-Free Milk,325,High
8.9,6.67,6614,3.29,60.8,Whole Milk,203,High
4.2,6.68,233,3.39,69.1,Whole Milk,309,High
5.7,6.74,15726,0.11,59.0,Fat-Free Milk,181,High
2.4,6.77,9846,1.96,59.6,2% Milk,328,High
3.8,6.7,20601,3.15,58.7,Whole Milk,235,High
3.6,6.64,38908,2.04,65.5,2% Milk,316,High
10.8,6.68,196,0.08,61.5,Fat-Free Milk,153,Medium
3.3,6.67,3195,-0.02,58.2,Fat-Free Milk,288,High
4.9,6.8,8236,0.09,66.9,Fat-Free Milk,296,High
15.2,6.72,2642,3.43,69.5,Whole Milk,106,Medium
8.2,6.67,250,3.23,66.7,Whole Milk,186,High
2.3,6.68,1151,3.31,65.5,Whole Milk,385,High
2.5,6.67,2125,1.98,69.5,2% Milk,393,High
2.0,6.7,3113,1.97,57.9,2% Milk,419,High
3.6,6.73,1663,2.0,62.1,2% Milk,294,High
3.4,6.67,6600,3.18,66.3,Whole Milk,291,High
4.2,6.7,490,3.35,69.0,Whole Milk,245,High
6.9,6.65,9261,0.13,63.2,Fat-Free Milk,209,High
8.9,6.68,4108,0.11,61.5,Fat-Free Milk,151,Medium
4.3,6.72,809,0.12,64.5,Fat-Free Milk,284,High
3.3,6.75,1833,2.14,70.6,2% Milk,305,High
1.9,6.66,984,2.07,61.9,2% Milk,436,High
1.5,6.66,7116,0.08,72.1,Fat-Free Milk,397,High
4.1,6.76,8277,0.1,77.8,Fat-Free Milk,261,High
6.1,6.7,1214,3.33,64.0,Whole Milk,239,High
2.7,6.67,1819,1.88,70.9,2% Milk,308,High
5.3,6.68,1481,0.12,67.9,Fat-Free Milk,275,High
2.3,6.7,3823,3.24,62.4,Whole Milk,363,High
2.5,6.61,888,3.37,63.5,Whole Milk,279,High
5.4,6.76,3322,0.11,60.5,Fat-Free Milk,297,High
6.4,6.7,6164,0.07,59.9,Fat-Free Milk,235,High
5.1,6.58,4532,0.11,62.1,Fat-Free Milk,139,Medium
10.8,6.65,3963,3.34,62.5,Whole Milk,159,Medium
2.0,6.69,886,3.4,65.4,Whole Milk,316,High
3.8,6.64,1977,2.03,72.9,2% Milk,328,High
2.8,6.69,1441,0.13,64.8,Fat-Free Milk,317,High
9.7,6.63,738,2.14,64.9,2% Milk,141,Medium
12.6,6.73,1414,2.07,66.4,2% Milk,117,Medium
4.6,6.72,3253,3.2,60.7,Whole Milk,269,High
13.2,6.75,15765,2.03,71.5,2% Milk,99,Medium
4.2,6.73,6624,1.99,65.7,2% Milk,316,High
3.2,6.65,815,0.11,65.9,Fat-Free Milk,333,High
4.9,6.78,1246,3.35,72.6,Whole Milk,303,High
4.2,6.78,1927,1.81,64.8,2% Milk,293,High
9.2,6.7,8850,0.08,65.9,Fat-Free Milk,147,Medium
7.4,6.69,7089,2.0,68.9,2% Milk,242,High
4.8,6.63,738,3.29,62.4,Whole Milk,254,High
4.1,6.71,5352,1.96,61.1,2% Milk,312,High
4.3,6.73,487,3.23,75.5,Whole Milk,335,High
1.4,6.78,821,0.09,59.2,Fat-Free Milk,347,High
2.8,6.63,1547,2.02,59.0,2% Milk,387,High
4.6,6.68,6451,0.17,60.2,Fat-Free Milk,239,High
3.0,6.61,1355,1.92,69.3,2% Milk,352,High
1.5,6.71,12104,1.88,65.9,2% Milk,265,High
3.7,6.69,4809,3.31,62.1,Whole Milk,374,High
9.6,6.71,3415,1.97,71.5,2% Milk,191,High
1.9,6.77,2152,2.05,67.3,2% Milk,384,High
4.4,6.7,11511,1.97,64.3,2% Milk,230,High
6.3,6.69,15129,1.93,59.6,2% Milk,200,High
3.2,6.71,6062,3.3,55.0,Whole Milk,275,High
2.2,6.74,9801,0.06,72.7,Fat-Free Milk,295,High
5.0,6.84,1963,0.01,59.1,Fat-Free Milk,235,High
12.4,6.82,1308,0.09,78.5,Fat-Free Milk,138,Medium
2.7,6.64,2836,3.16,59.3,Whole Milk,356,High
3.0,6.64,6158,1.8,66.7,2% Milk,332,High
3.9,6.71,862,0.11,66.3,Fat-Free Milk,308,High
1.6,6.69,900,3.26,70.0,Whole Milk,314,High
2.0,6.74,3487,2.05,65.3,2% Milk,378,High
14.3,6.71,2673,2.04,73.6,2% Milk,111,Medium
3.8,6.66,3762,2.05,70.2,2% Milk,270,High
2.9,6.68,2322,2.08,69.6,2% Milk,275,High
4.1,6.78,7813,1.99,55.9,2% Milk,320,High
5.2,6.65,1739,3.24,63.6,Whole Milk,287,High
5.6,6.65,761,3.2,68.4,Whole Milk,245,High
0.9,6.67,3394,3.1,64.6,Whole Milk,422,High
11.8,6.72,8306,3.45,61.1,Whole Milk,166,Medium
2.0,6.73,2868,3.13,71.8,Whole Milk,343,High
4.6,6.63,1476,3.17,59.6,Whole Milk,336,High
6.3,6.68,5156,3.21,63.0,Whole Milk,251,High
2.2,6.75,522,0.14,71.8,Fat-Free Milk,364,High
4.0,6.68,4254,1.81,64.8,2% Milk,295,High
3.4,6.73,1648,0.06,57.1,Fat-Free Milk,315,High
3.4,6.6,659,2.02,69.8,2% Milk,159,Medium
12.0,6.79,2196,2.99,63.7,Whole Milk,145,Medium
3.7,6.73,5175,3.11,63.2,Whole Milk,306,High
3.3,6.69,10646,2.16,71.3,2% Milk,275,High
5.3,6.73,4581,2.04,54.0,2% Milk,266,High
5.5,6.78,487,1.82,68.9,2% Milk,265,High
0.7,6.68,5237,1.9,67.4,2% Milk,428,High
10.2,6.68,4265,3.13,67.4,Whole Milk,167,Medium
2.7,6.73,5183,2.05,68.3,2% Milk,287,High
2.4,6.66,486,3.3,61.1,Whole Milk,337,High
2.2,6.68,4068,0.05,68.3,Fat-Free Milk,325,High
5.3,6.61,1313,2.09,52.7,2% Milk,270,High
1.3,6.74,6480,2.01,62.2,2% Milk,404,High
6.8,6.69,499,1.98,62.4,2% Milk,216,High
3.9,6.74,4329,2.25,62.1,2% Milk,284,High
3.7,6.65,774,3.12,61.6,Whole Milk,303,High
6.6,6.76,455,1.71,66.6,2% Milk,254,High
5.7,6.74,20422,2.15,60.1,2% Milk,171,High
0.0,6.71,1651,2.04,65.6,2% Milk,428,High
10.8,6.69,1403,3.15,64.1,Whole Milk,141,Medium
1.9,6.77,6707,1.93,72.9,2% Milk,368,High
3.9,6.71,4689,2.04,71.4,2% Milk,273,High
10.6,6.69,1011,0.06,56.1,Fat-Free Milk,170,High
4.3,6.64,10330,0.08,63.0,Fat-Free Milk,264,High
11.9,6.73,1769,3.24,64.7,Whole Milk,150,Medium
2.2,6.74,9293,3.16,66.1,Whole Milk,374,High
4.9,6.75,11809,2.04,71.2,2% Milk,227,High
5.1,6.73,942,3.08,70.0,Whole Milk,276,High
4.6,6.7,2302,3.21,67.2,Whole Milk,356,High
10.7,6.63,4528,3.22,66.5,Whole Milk,174,High
1.7,6.69,740,2.04,75.1,2% Milk,341,High
7.4,6.7,5096,3.23,67.0,Whole Milk,216,High
12.4,6.74,808,3.23,63.8,Whole Milk,139,Medium
3.5,6.7,76535,3.31,64.8,Whole Milk,200,High
6.9,6.73,2067,0.11,71.3,Fat-Free Milk,262,High
2.7,6.79,561,3.4,57.5,Whole Milk,312,High
5.7,6.68,4559,3.34,61.2,Whole Milk,244,High
3.1,6.73,1450,1.99,56.1,2% Milk,317,High
11.9,6.73,1467,1.98,68.4,2% Milk,143,Medium
1.6,6.74,917,2.04,60.7,2% Milk,346,High
6.8,6.7,4401,3.39,64.9,Whole Milk,243,High
2.5,6.69,1078,1.82,56.2,2% Milk,300,High
14.5,6.78,2573,2.21,64.9,2% Milk,139,Medium
3.5,6.61,3245,3.35,66.9,Whole Milk,393,High
4.2,6.73,874,2.04,70.9,2% Milk,262,High
8.2,6.73,6310,2.18,58.8,2% Milk,199,High
5.5,6.72,1604,0.12,61.1,Fat-Free Milk,251,High
2.2,6.73,1610,3.23,63.8,Whole Milk,357,High
5.0,6.69,357,1.98,68.3,2% Milk,289,High
4.3,6.62,7946,0.24,54.8,Fat-Free Milk,320,High
4.0,6.7,1428,3.36,69.8,Whole Milk,321,High
11.9,6.7,952,0.09,66.0,Fat-Free Milk,156,Medium
3.5,6.74,638,1.96,64.2,2% Milk,235,High
6.3,6.63,7782,1.92,62.3,2% Milk,266,High
8.8,6.74,2259,0.14,64.7,Fat-Free Milk,186,High
6.5,6.73,11005,0.02,62.6,Fat-Free Milk,170,High
4.6,6.66,1993,2.02,53.9,2% Milk,330,High
7.7,6.73,2398,1.93,62.7,2% Milk,215,High
5.0,6.69,1130,3.22,66.2,Whole Milk,258,High
5.1,6.74,1198,0.13,66.6,Fat-Free Milk,275,High
4.4,6.71,1159,0.31,71.3,Fat-Free Milk,270,High
2.5,6.67,2337,2.06,69.7,2% Milk,377,High
5.0,6.66,2264,0.12,57.6,Fat-Free Milk,294,High
5.5,6.71,346,2.03,65.0,2% Milk,260,High
1.7,6.7,8023,0.07,62.1,Fat-Free Milk,344,High
14.5,6.77,4777,3.06,63.8,Whole Milk,119,Medium
8.2,6.68,9000,1.95,59.5,2% Milk,202,High
3.4,6.67,21167,3.28,58.2,Whole Milk,253,High
14.4,6.76,2079,3.42,59.8,Whole Milk,113,Medium
2.1,6.62,28859,2.0,64.1,2% Milk,294,High
4.1,6.69,2121,0.09,63.6,Fat-Free Milk,290,High
3.8,6.73,4264,0.13,65.7,Fat-Free Milk,272,High
2.3,6.67,1932,3.43,70.1,Whole Milk,292,High
7.5,6.71,3021,1.82,65.3,2% Milk,210,High
4.3,6.77,17714,0.11,68.7,Fat-Free Milk,225,High
4.2,6.6,6808,3.38,66.9,Whole Milk,124,Medium
17.7,6.73,746,0.13,62.1,Fat-Free Milk,92,Medium
3.0,6.74,2538,0.2,66.5,Fat-Free Milk,376,High
5.0,6.69,16952,3.12,63.4,Whole Milk,229,High
4.1,6.77,13069,3.41,64.1,Whole Milk,202,High
4.4,6.68,1506,1.96,65.7,2% Milk,305,High
11.0,6.67,3548,3.18,58.6,Whole Milk,135,Medium
2.8,6.76,1367,1.97,64.0,2% Milk,304,High
11.7,6.74,18134,3.34,58.3,Whole Milk,126,Medium
3.4,6.75,10601,0.01,62.0,Fat-Free Milk,204,High
1.8,6.71,3593,3.32,68.1,Whole Milk,352,High
3.5,6.67,12722,3.27,59.6,Whole Milk,261,High
17.4,6.6,3803,2.05,69.3,2% Milk,49,Low
5.5,6.7,1016,3.37,70.7,Whole Milk,276,High
2.7,6.77,2291,0.08,59.8,Fat-Free Milk,322,High
9.5,6.7,322,0.1,67.5,Fat-Free Milk,154,Medium
11.8,6.68,939,0.13,56.9,Fat-Free Milk,170,High
3.4,6.62,2089,0.04,68.0,Fat-Free Milk,356,High
5.7,6.66,537,0.01,64.4,Fat-Free Milk,286,High
5.1,6.72,6795,0.04,65.7,Fat-Free Milk,276,High
8.0,6.57,8934,3.24,68.8,Whole Milk,103,Medium
2.5,6.7,9016,2.0,66.5,2% Milk,381,High
5.0,6.73,29773,0.02,66.2,Fat-Free Milk,216,High
2.0,6.65,10131,0.13,65.1,Fat-Free Milk,312,High
4.6,6.65,7203,3.32,67.6,Whole Milk,281,High
12.6,6.78,7598,1.99,58.4,2% Milk,144,Medium
5.4,6.67,5054,1.94,58.8,2% Milk,247,High
14.0,6.7,5587,0.14,57.5,Fat-Free Milk,128,Medium
3.9,6.74,759,0.11,63.6,Fat-Free Milk,269,High
3.4,6.6,5896,3.3,59.4,Whole Milk,304,High
4.1,6.7,2096,3.2,61.7,Whole Milk,270,High
3.0,6.75,12292,1.95,71.7,2% Milk,276,High
3.2,6.67,2061,3.14,54.8,Whole Milk,330,High
4.4,6.73,12786,3.21,68.1,Whole Milk,230,High
4.3,6.64,1402,0.14,69.0,Fat-Free Milk,302,High
5.1,6.69,28357,0.04,54.9,Fat-Free Milk,224,High
7.5,6.65,3160,3.21,66.6,Whole Milk,193,High
10.8,6.7,140,2.11,65.7,2% Milk,162,Medium
2.9,6.66,1437,0.11,70.0,Fat-Free Milk,367,High
3.1,6.68,7332,1.99,65.9,2% Milk,283,High
4.1,6.64,7116,0.13,60.8,Fat-Free Milk,292,High
2.8,6.67,17896,3.4,57.1,Whole Milk,260,High
5.5,6.61,7777,0.11,65.1,Fat-Free Milk,262,High
5.0,6.66,852,2.13,59.9,2% Milk,289,High
11.9,6.66,1417,2.08,60.6,2% Milk,138,Medium
3.9,6.68,52297,2.06,61.2,2% Milk,195,High
11.6,6.69,545,0.1,60.0,Fat-Free Milk,150,Medium
11.3,6.78,437,2.08,69.2,2% Milk,149,Medium
6.2,6.73,2268,2.11,62.0,2% Milk,209,High
9.5,6.59,841,0.03,67.5,Fat-Free Milk,87,Medium
3.9,6.69,330,3.32,67.2,Whole Milk,260,High
2.9,6.68,4597,0.1,60.4,Fat-Free Milk,315,High
4.5,6.7,3147,0.07,69.9,Fat-Free Milk,284,High
4.1,6.69,4958,3.4,67.2,Whole Milk,300,High
3.9,6.68,1923,3.08,61.6,Whole Milk,268,High
4.0,6.65,2992,0.11,72.4,Fat-Free Milk,314,High
3.2,6.78,535,2.06,73.1,2% Milk,342,High
7.8,6.81,817,2.02,66.6,2% Milk,230,High
5.2,6.63,18650,0.05,67.2,Fat-Free Milk,185,High
1.6,6.76,3029,0.1,59.9,Fat-Free Milk,381,High
4.5,6.67,379,3.21,65.2,Whole Milk,319,High
11.2,6.75,2414,3.14,62.9,Whole Milk,158,Medium
5.1,6.69,4013,0.07,58.9,Fat-Free Milk,279,High
3.1,6.77,25939,-0.01,62.8,Fat-Free Milk,244,High
9.4,6.72,1344,0.13,70.7,Fat-Free Milk,151,Medium
3.6,6.72,6945,3.29,64.6,Whole Milk,294,High
3.3,6.75,3765,1.96,60.2,2% Milk,315,High
15.1,6.71,1627,2.11,61.6,2% Milk,116,Medium
4.3,6.66,9748,0.1,74.3,Fat-Free Milk,327,High
3.0,6.76,16032,3.21,63.0,Whole Milk,253,High
8.8,6.62,1051,0.15,58.0,Fat-Free Milk,182,High
3.8,6.69,3603,3.29,64.9,Whole Milk,280,High
11.7,6.73,1128,2.09,58.0,2% Milk,129,Medium
2.3,6.66,1092,2.06,60.4,2% Milk,279,High
5.5,6.77,3518,3.33,67.5,Whole Milk,260,High
7.4,6.72,760,3.25,68.8,Whole Milk,226,High
9.3,6.7,871,2.11,71.3,2% Milk,157,Medium
9.6,6.71,1485,2.12,68.9,2% Milk,212,High
3.0,6.71,1472,2.14,62.7,2% Milk,311,High
2.2,6.61,32153,0.08,56.8,Fat-Free Milk,265,High
2.2,6.72,4004,0.04,66.3,Fat-Free Milk,305,High
1.2,6.68,9478,3.34,54.1,Whole Milk,394,High
14.0,6.69,2583,2.04,65.1,2% Milk,116,Medium
6.7,6.7,1931,-0.02,65.2,Fat-Free Milk,260,High
3.5,6.75,4503,3.15,73.3,Whole Milk,321,High
11.5,6.68,4225,0.07,67.7,Fat-Free Milk,162,Medium
11.8,6.58,5123,1.75,70.0,2% Milk,58,Low
2.7,6.65,5427,1.94,64.1,2% Milk,337,High
3.4,6.72,4966,0.1,62.2,Fat-Free Milk,320,High
5.6,6.71,25339,3.16,59.0,Whole Milk,184,High
4.3,6.83,4482,2.06,60.9,2% Milk,326,High
3.7,6.73,2746,0.01,63.6,Fat-Free Milk,317,High
5.2,6.72,1245,2.05,65.1,2% Milk,278,High
7.1,6.69,3715,2.04,59.3,2% Milk,242,High
9.8,6.65,1112,0.08,71.5,Fat-Free Milk,179,High
4.3,6.77,828,0.08,60.1,Fat-Free Milk,261,High
3.1,6.71,982,0.09,62.7,Fat-Free Milk,318,High
7.1,6.68,4295,3.21,61.3,Whole Milk,267,High
3.0,6.68,1683,2.05,69.5,2% Milk,345,High
3.3,6.72,919,0.14,75.6,Fat-Free Milk,327,High
6.0,6.73,3992,3.25,60.0,Whole Milk,221,High
5.4,6.67,12870,0.14,68.7,Fat-Free Milk,207,High
9.3,6.69,1294,0.06,58.1,Fat-Free Milk,192,High
10.2,6.72,712,1.99,70.5,2% Milk,162,Medium
5.1,6.63,2784,3.25,60.1,Whole Milk,283,High
5.0,6.66,972,3.35,67.5,Whole Milk,312,High
7.2,6.73,1915,0.05,61.3,Fat-Free Milk,239,High
13.1,6.81,6102,1.86,61.6,2% Milk,122,Medium
8.3,6.64,5391,0.09,64.2,Fat-Free Milk,238,High
4.5,6.65,3354,3.14,80.3,Whole Milk,303,High
8.2,6.66,2061,2.0,65.5,2% Milk,239,High
4.7,6.62,1183,0.09,65.1,Fat-Free Milk,270,High
3.5,6.71,16856,2.99,57.1,Whole Milk,187,High
2.0,6.67,7667,2.03,62.6,2% Milk,427,High
9.3,6.7,2373,2.01,55.9,2% Milk,194,High
3.4,6.71,1178,2.01,50.0,2% Milk,312,High
5.1,6.63,5500,3.3,62.9,Whole Milk,263,High
1.6,6.77,4539,3.08,68.1,Whole Milk,439,High
2.6,6.68,15643,2.01,64.3,2% Milk,269,High
4.5,6.65,3328,2.0,67.6,2% Milk,287,High
4.0,6.7,1597,0.2,65.9,Fat-Free Milk,350,High
3.2,6.8,1184,0.09,60.4,Fat-Free Milk,305,High
11.9,6.68,4177,2.01,55.0,2% Milk,164,Medium
3.6,6.82,1612,3.27,68.0,Whole Milk,281,High
3.9,6.62,6079,0.11,63.5,Fat-Free Milk,294,High
6.2,6.73,4529,0.1,67.7,Fat-Free Milk,225,High
3.2,6.62,5234,0.14,63.7,Fat-Free Milk,330,High
0.8,6.66,23640,3.31,73.1,Whole Milk,329,High
7.6,6.72,3011,3.22,61.6,Whole Milk,212,High
3.9,6.64,4890,3.22,63.0,Whole Milk,338,High
4.6,6.64,2957,1.91,59.7,2% Milk,291,High
10.3,6.75,7717,2.1,64.1,2% Milk,172,High
8.6,6.64,4048,3.4,71.1,Whole Milk,176,High
9.1,6.72,1445,3.49,61.5,Whole Milk,218,High
3.8,6.71,15666,3.27,73.0,Whole Milk,274,High
6.2,6.78,1790,0.08,64.2,Fat-Free Milk,219,High
3.2,6.7,7128,0.09,71.5,Fat-Free Milk,339,High
11.6,6.71,11101,0.07,58.2,Fat-Free Milk,134,Medium
7.0,6.78,1064,1.98,63.9,2% Milk,212,High
4.8,6.76,9299,0.12,63.4,Fat-Free Milk,306,High
7.4,6.71,161,3.22,64.4,Whole Milk,232,High
4.0,6.68,2723,1.99,61.9,2% Milk,263,High
5.4,6.8,14719,2.0,68.1,2% Milk,196,High
4.8,6.74,3325,0.04,69.0,Fat-Free Milk,287,High
2.9,6.7,1593,0.05,61.3,Fat-Free Milk,363,High
8.5,6.71,4368,3.24,70.1,Whole Milk,233,High
5.6,6.72,3588,0.05,65.6,Fat-Free Milk,295,High
4.7,6.6,628,3.17,54.0,Whole Milk,128,Medium
8.0,6.75,14332,3.32,61.2,Whole Milk,128,Medium
9.4,6.62,972,0.15,64.8,Fat-Free Milk,159,Medium
1.8,6.7,1164,0.05,66.7,Fat-Free Milk,346,High
4.3,6.69,1252,0.15,60.6,Fat-Free Milk,305,High
5.9,6.67,5539,3.02,72.7,Whole Milk,261,High
3.8,6.77,1714,3.3,65.0,Whole Milk,266,High
7.7,6.69,951,1.94,68.6,2% Milk,218,High
3.6,6.63,2451,3.34,66.9,Whole Milk,289,High
3.7,6.78,2010,0.02,79.1,Fat-Free Milk,284,High
3.3,6.76,1311,3.25,64.9,Whole Milk,267,High
4.7,6.67,746,0.11,69.4,Fat-Free Milk,285,High
3.8,6.68,1480,2.06,59.4,2% Milk,327,High
3.4,6.72,68766,3.26,61.2,Whole Milk,194,High
13.9,6.72,4591,0.23,58.8,Fat-Free Milk,116,Medium
5.8,6.64,6189,1.85,63.2,2% Milk,234,High
5.0,6.68,2792,3.2,69.0,Whole Milk,275,High
3.3,6.67,9349,2.0,73.8,2% Milk,339,High
3.2,6.77,3978,3.0,69.9,Whole Milk,322,High
3.1,6.67,3053,3.21,64.4,Whole Milk,371,High
1.0,6.8,4450,0.14,62.4,Fat-Free Milk,300,High
4.3,6.74,11888,1.92,74.4,2% Milk,231,High
14.3,6.69,10725,0.04,63.2,Fat-Free Milk,95,Medium
11.0,6.71,1013,0.1,62.8,Fat-Free Milk,150,Medium
2.3,6.71,1232,3.14,60.5,Whole Milk,368,High
4.6,6.66,1337,0.05,60.3,Fat-Free Milk,321,High
2.0,6.78,5089,0.15,67.6,Fat-Free Milk,327,High
5.2,6.71,2229,3.11,64.1,Whole Milk,233,High
5.8,6.67,3807,3.06,60.7,Whole Milk,281,High
10.0,6.76,4757,0.03,65.8,Fat-Free Milk,182,High
13.5,6.6,8379,0.05,58.9,Fat-Free Milk,113,Medium
13.5,6.76,3236,0.09,64.5,Fat-Free Milk,123,Medium
4.3,6.65,3412,0.16,59.7,Fat-Free Milk,272,High
5.0,6.7,2142,0.05,61.8,Fat-Free Milk,266,High
3.2,6.79,1330,3.19,59.9,Whole Milk,337,High
1.7,6.64,3952,1.99,58.7,2% Milk,399,High
9.8,6.73,2580,2.15,66.1,2% Milk,182,High
3.7,6.71,5970,3.28,61.2,Whole Milk,336,High
7.1,6.63,3185,3.25,66.6,Whole Milk,229,High
3.6,6.69,1533,3.29,56.7,Whole Milk,330,High
5.2,6.67,1995,3.18,65.4,Whole Milk,273,High
11.7,6.78,3136,1.88,66.5,2% Milk,124,Medium
10.1,6.68,4679,0.21,61.1,Fat-Free Milk,156,Medium
4.7,6.66,7296,2.0,62.4,2% Milk,261,High
11.6,6.7,6808,2.17,64.2,2% Milk,151,Medium
2.5,6.71,815,2.08,62.5,2% Milk,304,High
7.2,6.7,421,1.88,67.1,2% Milk,194,High
4.5,6.7,8354,3.13,67.7,Whole Milk,307,High
5.4,6.72,2837,2.01,69.6,2% Milk,248,High
3.3,6.68,359,1.97,60.3,2% Milk,307,High
10.9,6.67,2216,1.99,70.5,2% Milk,178,High
4.3,6.63,1772,0.07,67.4,Fat-Free Milk,279,High
6.3,6.71,398,0.09,65.9,Fat-Free Milk,260,High
14.2,6.7,1280,3.4,62.8,Whole Milk,119,Medium
3.0,6.61,1153,1.99,65.8,2% Milk,357,High
6.2,6.67,5719,0.03,64.6,Fat-Free Milk,220,High
5.7,6.71,1729,0.12,71.9,Fat-Free Milk,245,High
3.9,6.72,4261,3.33,63.1,Whole Milk,325,High
2.8,6.79,2904,1.99,59.1,2% Milk,323,High
4.5,6.67,438,3.29,65.4,Whole Milk,188,High
7.4,6.72,1865,1.86,74.3,2% Milk,219,High
2.8,6.75,3222,0.03,60.8,Fat-Free Milk,317,High
5.0,6.73,12755,2.14,60.1,2% Milk,222,High
12.2,6.61,48680,3.3,63.2,Whole Milk,123,Medium
1.7,6.72,2576,2.02,61.6,2% Milk,344,High
1.6,6.64,3490,0.15,69.3,Fat-Free Milk,383,High
4.5,6.7,6283,3.17,56.0,Whole Milk,332,High
4.6,6.61,781,3.27,64.1,Whole Milk,295,High
11.0,6.75,1127,1.99,65.1,2% Milk,150,Medium
3.3,6.83,4886,3.1,70.6,Whole Milk,307,High
3.9,6.74,1123,0.1,67.3,Fat-Free Milk,317,High
6.9,6.7,14003,2.06,73.0,2% Milk,175,High
4.1,6.74,459,3.26,67.8,Whole Milk,263,High
11.9,6.77,944,3.21,66.0,Whole Milk,141,Medium
9.0,6.62,8034,0.11,62.7,Fat-Free Milk,187,High
7.0,6.75,976,3.42,66.1,Whole Milk,229,High
3.0,6.69,10536,0.0,54.0,Fat-Free Milk,252,High
4.4,6.69,2418,0.07,69.9,Fat-Free Milk,282,High
3.7,6.66,1597,0.14,66.1,Fat-Free Milk,285,High
3.0,6.71,28859,3.39,51.3,Whole Milk,312,High
13.9,6.66,1191,3.19,63.3,Whole Milk,137,Medium
7.1,6.68,3779,2.18,68.5,2% Milk,224,High
11.6,6.76,489,3.28,70.5,Whole Milk,128,Medium
5.3,6.62,20529,2.11,61.9,2% Milk,239,High
3.3,6.74,1430,0.11,60.0,Fat-Free Milk,318,High
3.1,6.61,1512,3.15,65.6,Whole Milk,335,High
5.4,6.74,5705,3.22,69.5,Whole Milk,252,High
5.6,6.83,1182,3.29,68.0,Whole Milk,320,High
3.3,6.68,5629,2.13,67.9,2% Milk,287,High
1.7,6.69,1064,3.31,63.0,Whole Milk,332,High
4.8,6.7,460,2.02,67.9,2% Milk,299,High
14.3,6.74,993,0.08,62.6,Fat-Free Milk,114,Medium
5.0,6.69,1728,2.0,65.7,2% Milk,287,High
3.5,6.75,6087,2.01,64.3,2% Milk,328,High
5.3,6.71,5028,2.01,63.5,2% Milk,310,High
2.2,6.72,43856,0.17,62.2,Fat-Free Milk,295,High
5.0,6.68,8996,2.06,70.9,2% Milk,301,High
3.0,6.63,5000,3.33,68.9,Whole Milk,348,High
14.2,6.77,12715,0.1,62.0,Fat-Free Milk,103,Medium
4.9,6.71,728,2.13,67.0,2% Milk,301,High
9.4,6.73,21170,0.14,73.0,Fat-Free Milk,164,Medium
4.1,6.69,7103,0.08,63.9,Fat-Free Milk,276,High
12.1,6.71,11611,3.23,62.2,Whole Milk,113,Medium
5.5,6.72,626,0.03,73.8,Fat-Free Milk,278,High
5.4,6.7,3083,0.13,67.9,Fat-Free Milk,296,High
11.2,6.71,629,0.06,63.6,Fat-Free Milk,148,Medium
3.9,6.73,4749,0.14,63.9,Fat-Free Milk,294,High
4.1,6.7,4530,3.12,61.1,Whole Milk,281,High
2.9,6.67,340,3.36,60.4,Whole Milk,255,High
12.5,6.62,8196,2.02,63.3,2% Milk,144,Medium
3.2,6.71,232,0.16,62.4,Fat-Free Milk,297,High
3.2,6.7,6534,0.12,66.4,Fat-Free Milk,378,High
10.7,6.74,5453,1.96,67.9,2% Milk,157,Medium
5.4,6.54,70194,0.12,66.1,Fat-Free Milk,78,Medium
4.3,6.67,386,3.35,58.0,Whole Milk,310,High
2.6,6.65,4708,2.0,62.9,2% Milk,319,High
5.7,6.66,1207,0.02,66.9,Fat-Free Milk,317,High
7.2,6.62,1600,0.18,72.9,Fat-Free Milk,224,High
3.9,6.66,2419,0.08,63.8,Fat-Free Milk,243,High
1.8,6.74,10143,0.01,70.8,Fat-Free Milk,266,High
7.7,6.68,22534,0.06,67.6,Fat-Free Milk,162,Medium
9.9,6.71,5067,0.06,57.4,Fat-Free Milk,185,High
2.3,6.72,2213,2.04,63.0,2% Milk,287,High
3.9,6.71,687,3.4,61.6,Whole Milk,309,High
8.1,6.71,3628,3.41,63.8,Whole Milk,207,High
13.0,6.75,6601,0.1,62.1,Fat-Free Milk,138,Medium
2.7,6.72,1079,2.08,67.2,2% Milk,380,High
2.4,6.68,25330,3.46,68.2,Whole Milk,285,High
6.1,6.82,291,3.29,70.5,Whole Milk,220,High
1.9,6.73,1732,1.92,72.3,2% Milk,358,High
4.1,6.62,4957,3.15,65.4,Whole Milk,284,High
11.5,6.65,4851,1.95,71.4,2% Milk,157,Medium
4.1,6.61,1029,0.12,60.5,Fat-Free Milk,321,High
10.4,6.68,1455,3.27,65.4,Whole Milk,177,High
4.1,6.75,3362,2.28,62.5,2% Milk,297,High
12.7,6.72,1202,0.25,61.2,Fat-Free Milk,139,Medium
8.2,6.73,4756,3.29,71.5,Whole Milk,190,High
2.2,6.53,2679,0.08,60.4,Fat-Free Milk,180,High
0.8,6.7,2826,3.17,58.7,Whole Milk,385,High
7.2,6.69,308,0.06,66.2,Fat-Free Milk,267,High
12.1,6.65,823,0.04,65.2,Fat-Free Milk,151,Medium
4.7,6.72,1627,3.22,72.0,Whole Milk,210,High
13.7,6.79,6564,0.07,59.9,Fat-Free Milk,130,Medium
13.0,6.72,5644,0.06,62.1,Fat-Free Milk,118,Medium
5.3,6.72,7354,0.16,71.2,Fat-Free Milk,281,High
10.2,6.74,3283,3.25,65.1,Whole Milk,150,Medium
2.8,6.75,15463,0.07,64.8,Fat-Free Milk,276,High
3.0,6.67,9246,3.06,73.3,Whole Milk,365,High
3.0,6.7,2025,2.06,66.3,2% Milk,312,High
4.5,6.71,263,0.11,57.4,Fat-Free Milk,289,High
3.5,6.68,3715,1.96,53.0,2% Milk,317,High
3.9,6.68,5590,0.03,65.5,Fat-Free Milk,349,High
1.5,6.78,616,0.09,66.7,Fat-Free Milk,367,High
3.3,6.62,3881,0.16,68.7,Fat-Free Milk,359,High
16.6,6.71,2517,0.11,58.1,Fat-Free Milk,98,Medium
8.3,6.73,2633,3.24,70.4,Whole Milk,204,High
2.5,6.74,2920,3.24,66.8,Whole Milk,325,High
3.3,6.76,19964,3.26,66.1,Whole Milk,270,High
6.2,6.65,886,2.01,60.9,2% Milk,268,High
5.8,6.64,3326,2.14,65.3,2% Milk,265,High
10.9,6.64,2136,3.12,78.6,Whole Milk,166,Medium
13.8,6.71,3331,2.01,65.9,2% Milk,120,Medium
5.1,6.78,8083,3.26,62.4,Whole Milk,286,High
3.6,6.63,1245,1.79,63.6,2% Milk,290,High
5.5,6.67,1509,1.78,64.6,2% Milk,255,High
6.2,6.65,11679,3.25,64.1,Whole Milk,206,High
4.1,6.72,617,0.11,56.4,Fat-Free Milk,285,High
6.2,6.62,1941,0.09,60.9,Fat-Free Milk,255,High
15.5,6.73,2827,0.07,66.4,Fat-Free Milk,86,Medium
4.7,6.73,683,3.24,66.4,Whole Milk,269,High
9.5,6.84,7916,1.99,67.1,2% Milk,171,High
4.0,6.59,2956,1.99,61.6,2% Milk,159,Medium
11.2,6.65,5249,3.13,77.9,Whole Milk,134,Medium
9.8,6.76,655,3.4,57.0,Whole Milk,161,Medium
4.7,6.67,18976,0.13,64.8,Fat-Free Milk,222,High
13.3,6.7,3471,0.11,59.8,Fat-Free Milk,105,Medium
1.9,6.75,9662,3.32,64.1,Whole Milk,296,High
6.7,6.69,4212,1.88,63.0,2% Milk,215,High
8.3,6.74,1367,0.11,70.6,Fat-Free Milk,211,High
2.8,6.67,579,2.19,62.6,2% Milk,382,High
5.4,6.76,2438,3.37,69.6,Whole Milk,272,High
2.7,6.7,3054,0.07,74.2,Fat-Free Milk,349,High
13.2,6.68,13054,3.51,63.4,Whole Milk,93,Medium
11.4,6.68,3198,2.05,65.3,2% Milk,158,Medium
4.4,6.68,4386,3.0,62.9,Whole Milk,273,High
1.5,6.59,5041,0.13,61.2,Fat-Free Milk,200,High
2.5,6.65,6165,1.9,64.6,2% Milk,342,High
6.5,6.66,3324,0.11,63.1,Fat-Free Milk,253,High
4.1,6.75,14095,0.15,60.1,Fat-Free Milk,227,High
7.9,6.71,92311,3.09,70.4,Whole Milk,106,Medium
4.6,6.7,2974,3.26,67.4,Whole Milk,314,High
11.1,6.74,6574,3.29,63.8,Whole Milk,145,Medium
2.9,6.63,5656,1.88,70.9,2% Milk,388,High
1.9,6.74,2158,3.27,64.0,Whole Milk,378,High
2.0,6.68,1819,3.38,55.8,Whole Milk,270,High
4.1,6.7,506,1.89,75.7,2% Milk,307,High
14.0,6.63,3117,3.26,53.5,Whole Milk,114,Medium
2.8,6.69,98431,2.22,63.2,2% Milk,183,High
12.0,6.75,945,3.16,59.5,Whole Milk,147,Medium
8.5,6.67,3981,0.1,57.4,Fat-Free Milk,183,High
3.5,6.71,5674,1.9,67.7,2% Milk,306,High
8.7,6.7,2816,3.3,65.0,Whole Milk,165,Medium
7.3,6.67,1256,3.37,66.9,Whole Milk,220,High
3.7,6.73,927,0.11,66.4,Fat-Free Milk,318,High
8.4,6.73,17663,2.01,67.2,2% Milk,163,Medium
4.1,6.68,1186,2.01,62.5,2% Milk,298,High
4.1,6.69,12679,2.05,57.1,2% Milk,221,High
9.0,6.69,3786,3.21,66.0,Whole Milk,186,High
5.6,6.64,1373,3.11,73.8,Whole Milk,281,High
15.7,6.75,489,3.28,73.7,Whole Milk,106,Medium
3.4,6.69,2775,3.13,60.7,Whole Milk,263,High
13.2,6.65,1035,0.17,69.4,Fat-Free Milk,114,Medium
4.5,6.77,5010,2.24,61.7,2% Milk,280,High
4.1,6.75,5759,3.24,62.2,Whole Milk,338,High
5.1,6.79,1379,2.12,70.2,2% Milk,238,High
4.0,6.73,4383,3.06,64.4,Whole Milk,229,High
9.8,6.75,5519,0.09,71.1,Fat-Free Milk,224,High
7.7,6.7,12443,0.06,71.9,Fat-Free Milk,206,High
4.2,6.73,4196,2.01,58.9,2% Milk,278,High
5.3,6.76,905,3.28,62.7,Whole Milk,284,High
4.0,6.72,7927,3.43,64.8,Whole Milk,258,High
4.5,6.64,1551,3.26,67.2,Whole Milk,266,High
3.0,6.64,2175,3.21,64.5,Whole Milk,315,High
8.6,6.64,8754,0.16,64.2,Fat-Free Milk,215,High
2.3,6.8,8636,0.07,73.9,Fat-Free Milk,360,High
5.7,6.72,1118,1.9,61.4,2% Milk,260,High
4.6,6.59,2866,1.87,67.5,2% Milk,126,Medium
4.4,6.64,1424,2.06,64.0,2% Milk,315,High
3.9,6.66,5600,3.24,68.6,Whole Milk,298,High
3.5,6.7,9823,2.02,68.8,2% Milk,262,High
3.7,6.78,12361,3.33,61.9,Whole Milk,255,High
2.9,6.71,1813,3.4,67.8,Whole Milk,311,High
4.7,6.64,5337,3.25,64.3,Whole Milk,249,High
3.3,6.72,3262,1.98,65.2,2% Milk,305,High
2.0,6.71,919,0.16,69.1,Fat-Free Milk,350,High
8.7,6.59,547,0.1,56.2,Fat-Free Milk,88,Medium
12.7,6.66,13109,3.35,62.4,Whole Milk,112,Medium
4.7,6.65,5847,0.08,64.7,Fat-Free Milk,247,High
4.9,6.62,5254,3.52,73.3,Whole Milk,253,High
9.5,6.76,661,0.16,61.5,Fat-Free Milk,173,High
3.0,6.63,1273,3.28,72.0,Whole Milk,342,High
4.0,6.72,9394,1.89,59.9,2% Milk,331,High
3.9,6.74,1542,3.33,61.9,Whole Milk,308,High
6.2,6.78,677,0.08,64.7,Fat-Free Milk,232,High
4.7,6.68,2971,1.93,60.1,2% Milk,298,High
3.3,6.63,233,1.98,57.5,2% Milk,311,High
5.2,6.7,3202,1.95,62.2,2% Milk,293,High
2.8,6.76,5166,3.14,65.8,Whole Milk,378,High
4.4,6.69,3032,0.2,70.4,Fat-Free Milk,284,High
4.6,6.57,3946,3.34,67.9,Whole Milk,133,Medium
7.4,6.75,1630,3.27,61.1,Whole Milk,215,High
14.8,6.64,635,0.1,67.1,Fat-Free Milk,132,Medium
5.9,6.7,1902,3.37,62.5,Whole Milk,243,High
5.8,6.74,783,2.07,68.2,2% Milk,276,High
3.6,6.73,3024,2.04,63.6,2% Milk,255,High
4.1,6.71,1021,0.17,69.0,Fat-Free Milk,328,High
4.8,6.62,4711,3.04,64.2,Whole Milk,292,High
6.6,6.71,1053,0.11,53.5,Fat-Free Milk,256,High
4.4,6.73,4580,1.91,64.8,2% Milk,311,High
4.1,6.73,5703,0.03,54.5,Fat-Free Milk,306,High
11.4,6.66,3439,0.13,59.3,Fat-Free Milk,170,High
1.9,6.7,3134,0.1,61.7,Fat-Free Milk,399,High
11.6,6.69,6954,3.2,65.1,Whole Milk,128,Medium
4.7,6.65,7231,3.41,65.2,Whole Milk,305,High
7.7,6.72,462,1.97,73.2,2% Milk,190,High
2.2,6.68,581,3.26,73.9,Whole Milk,338,High
5.2,6.7,2388,2.15,71.0,2% Milk,269,High
1.3,6.71,3923,3.26,68.9,Whole Milk,424,High
3.4,6.71,32276,0.17,65.4,Fat-Free Milk,252,High
4.5,6.73,879,3.28,78.2,Whole Milk,289,High
6.5,6.68,13768,1.87,66.3,2% Milk,173,High
3.9,6.7,4479,0.02,63.1,Fat-Free Milk,302,High
6.0,6.75,1459,3.34,67.9,Whole Milk,232,High
5.1,6.79,394,1.92,57.4,2% Milk,272,High
5.4,6.68,32342,2.05,63.5,2% Milk,227,High
9.8,6.69,469,1.97,66.5,2% Milk,190,High
5.3,6.79,2714,3.28,67.4,Whole Milk,270,High
3.0,6.73,811,0.09,71.9,Fat-Free Milk,316,High
7.8,6.75,1437,0.15,68.3,Fat-Free Milk,235,High
5.7,6.79,57053,3.44,70.5,Whole Milk,139,Medium
3.9,6.73,17824,3.23,60.4,Whole Milk,281,High
5.4,6.75,4950,0.1,64.8,Fat-Free Milk,245,High
4.4,6.66,3439,3.45,67.6,Whole Milk,264,High
5.9,6.66,4799,1.96,61.6,2% Milk,198,High
7.4,6.69,3340,0.08,59.1,Fat-Free Milk,229,High
9.9,6.7,4196,0.02,63.8,Fat-Free Milk,181,High
8.9,6.73,392,0.07,62.5,Fat-Free Milk,175,High
4.1,6.65,4053,0.14,63.6,Fat-Free Milk,294,High
4.0,6.68,572,3.3,64.3,Whole Milk,268,High
4.6,6.63,71626,1.96,51.9,2% Milk,186,High
5.0,6.77,460,0.15,62.5,Fat-Free Milk,274,High
8.9,6.69,28567,3.12,73.4,Whole Milk,149,Medium
3.3,6.75,3668,0.13,59.1,Fat-Free Milk,286,High
6.6,6.73,3044,3.45,71.1,Whole Milk,230,High
4.9,6.72,4828,1.95,61.4,2% Milk,250,High
2.5,6.76,11818,0.15,69.0,Fat-Free Milk,285,High
3.0,6.61,4345,3.29,63.5,Whole Milk,274,High
2.1,6.78,976,0.04,61.8,Fat-Free Milk,296,High
11.5,6.72,3434,2.03,73.4,2% Milk,149,Medium
6.2,6.67,2463,0.04,55.9,Fat-Free Milk,260,High
5.8,6.66,27115,0.09,65.0,Fat-Free Milk,232,High
12.7,6.68,3141,3.13,74.6,Whole Milk,148,Medium
4.0,6.73,2214,3.45,68.3,Whole Milk,242,High
4.9,6.57,2214,3.23,65.0,Whole Milk,150,Medium
1.3,6.7,3546,3.38,59.5,Whole Milk,358,High
7.2,6.69,1716,3.34,65.2,Whole Milk,215,High
3.5,6.68,9362,3.18,57.5,Whole Milk,312,High
5.0,6.67,1280,0.08,60.9,Fat-Free Milk,234,High
2.8,6.67,38605,0.04,70.8,Fat-Free Milk,312,High
11.4,6.72,9277,3.27,69.3,Whole Milk,132,Medium
3.1,6.69,1233,3.13,57.6,Whole Milk,309,High
2.0,6.64,1102,0.06,63.4,Fat-Free Milk,435,High
2.4,6.68,287,0.06,63.4,Fat-Free Milk,314,High
5.0,6.72,4860,1.88,75.3,2% Milk,264,High
8.8,6.61,5688,1.93,74.3,2% Milk,214,High
14.0,6.69,8651,2.19,64.4,2% Milk,140,Medium
7.0,6.69,1896,0.09,52.8,Fat-Free Milk,235,High
4.2,6.73,2364,0.06,67.8,Fat-Free Milk,317,High
15.6,6.76,2247,1.89,59.5,2% Milk,104,Medium
6.9,6.62,452,0.09,58.3,Fat-Free Milk,227,High
1.8,6.75,500,0.15,65.4,Fat-Free Milk,308,High
2.5,6.78,3316,0.09,67.7,Fat-Free Milk,324,High
11.2,6.69,11463,0.03,62.9,Fat-Free Milk,101,Medium
1.8,6.68,1285,3.2,74.2,Whole Milk,414,High
4.7,6.64,1190,3.05,57.4,Whole Milk,318,High
5.3,6.77,1681,1.98,64.6,2% Milk,303,High
4.5,6.66,6148,0.07,68.6,Fat-Free Milk,293,High
12.5,6.69,1541,3.21,62.3,Whole Milk,129,Medium
4.3,6.76,2871,0.08,64.9,Fat-Free Milk,309,High
10.2,6.66,4743,3.17,67.5,Whole Milk,178,High
10.3,6.7,11311,0.09,71.1,Fat-Free Milk,138,Medium
5.6,6.61,279,3.1,68.7,Whole Milk,260,High
5.7,6.72,2537,0.14,66.2,Fat-Free Milk,238,High
11.0,6.76,6867,2.09,54.9,2% Milk,139,Medium
12.1,6.69,5683,2.06,69.1,2% Milk,171,High
1.6,6.68,556,0.11,64.2,Fat-Free Milk,378,High
6.3,6.61,3017,3.29,60.8,Whole Milk,273,High
6.3,6.73,1979,0.09,66.0,Fat-Free Milk,237,High
10.3,6.7,3643,2.06,60.8,2% Milk,153,Medium
13.8,6.74,1654,0.08,70.4,Fat-Free Milk,119,Medium
4.6,6.77,2968,2.04,58.8,2% Milk,283,High
2.9,6.65,489,2.08,55.0,2% Milk,368,High
6.5,6.73,1142,3.28,61.3,Whole Milk,219,High
10.1,6.64,1557,0.09,63.9,Fat-Free Milk,156,Medium
6.7,6.77,930,2.03,63.3,2% Milk,250,High
10.2,6.63,6777,0.09,64.2,Fat-Free Milk,193,High
2.5,6.61,455,3.37,68.7,Whole Milk,370,High
4.9,6.66,1269,0.09,64.7,Fat-Free Milk,295,High
4.8,6.63,3559,3.24,61.3,Whole Milk,276,High
11.7,6.67,8989,1.87,62.9,2% Milk,160,Medium
4.8,6.71,1769,1.75,58.8,2% Milk,254,High
8.3,6.68,6195,2.01,68.6,2% Milk,211,High
2.9,6.76,5154,3.3,65.7,Whole Milk,279,High
13.6,6.7,867,3.05,71.0,Whole Milk,134,Medium
10.7,6.7,3629,1.74,56.7,2% Milk,126,Medium
4.3,6.78,10902,3.28,62.7,Whole Milk,255,High
14.0,6.73,1638,1.81,69.5,2% Milk,129,Medium
4.3,6.73,3507,2.01,77.3,2% Milk,285,High
8.5,6.71,638,0.1,57.4,Fat-Free Milk,183,High
7.1,6.74,2122,1.86,58.7,2% Milk,225,High
8.2,6.78,809,1.98,69.7,2% Milk,223,High
6.5,6.63,4775,2.05,67.9,2% Milk,240,High
6.3,6.75,1543,3.34,70.7,Whole Milk,283,High
7.4,6.71,6698,3.29,53.9,Whole Milk,203,High
4.9,6.75,921,0.17,73.4,Fat-Free Milk,268,High
6.0,6.65,28221,0.02,64.1,Fat-Free Milk,219,High
10.9,6.77,2119,3.24,67.8,Whole Milk,169,High
8.9,6.68,5453,0.18,57.4,Fat-Free Milk,202,High
6.0,6.64,6319,3.37,75.3,Whole Milk,263,High
2.6,6.77,10266,3.29,56.6,Whole Milk,263,High
1.9,6.72,8407,0.04,57.1,Fat-Free Milk,341,High
5.4,6.67,552,3.09,68.6,Whole Milk,252,High
3.4,6.67,2115,0.16,64.1,Fat-Free Milk,318,High
2.6,6.82,1017,3.29,72.8,Whole Milk,306,High
4.8,6.69,2250,2.05,59.6,2% Milk,293,High
4.1,6.69,2090,3.22,61.7,Whole Milk,299,High
8.6,6.58,15946,2.26,58.9,2% Milk,70,Low
4.6,6.74,12059,1.84,62.8,2% Milk,209,High
2.7,6.7,4769,3.23,69.0,Whole Milk,326,High
6.7,6.7,12829,2.0,65.6,2% Milk,186,High
5.9,6.74,1290,2.05,63.1,2% Milk,258,High
6.9,6.78,4136,1.83,60.4,2% Milk,233,High
3.9,6.73,10458,0.06,66.2,Fat-Free Milk,278,High
5.4,6.68,942,0.13,65.6,Fat-Free Milk,267,High
6.2,6.72,1976,0.07,68.2,Fat-Free Milk,222,High
3.9,6.67,1137,3.36,67.4,Whole Milk,338,High
2.3,6.65,7876,0.11,55.6,Fat-Free Milk,287,High
5.5,6.7,421,0.1,69.9,Fat-Free Milk,247,High
2.5,6.69,644,3.29,67.2,Whole Milk,419,High
4.7,6.74,4213,0.02,65.8,Fat-Free Milk,270,High
2.7,6.73,7577,3.32,62.1,Whole Milk,349,High
7.1,6.68,2092,0.09,65.4,Fat-Free Milk,217,High
3.0,6.69,2534,2.03,71.0,2% Milk,359,High
2.4,6.68,316,3.34,66.9,Whole Milk,339,High
3.4,6.67,2692,3.16,74.5,Whole Milk,366,High
5.1,6.7,5287,1.88,53.3,2% Milk,261,High
4.9,6.75,6410,1.98,61.9,2% Milk,304,High
5.0,6.68,6828,2.09,60.1,2% Milk,288,High
6.1,6.71,6520,0.06,65.1,Fat-Free Milk,206,High
10.7,6.75,1766,0.08,67.3,Fat-Free Milk,167,Medium
6.5,6.7,275,3.33,74.8,Whole Milk,223,High
5.4,6.71,7921,2.09,64.6,2% Milk,219,High
4.3,6.74,1249,0.1,60.5,Fat-Free Milk,308,High
12.5,6.77,382,3.03,63.3,Whole Milk,141,Medium
7.9,6.76,2173,2.07,67.5,2% Milk,200,High
2.8,6.66,4741,3.17,64.6,Whole Milk,343,High
5.5,6.75,4365,1.91,65.2,2% Milk,288,High
11.0,6.75,10039,3.19,64.2,Whole Milk,121,Medium
4.2,6.71,4344,2.05,62.2,2% Milk,272,High
11.4,6.62,7550,0.14,60.7,Fat-Free Milk,133,Medium
3.9,6.65,12962,3.25,62.7,Whole Milk,232,High
4.1,6.68,12032,0.05,60.7,Fat-Free Milk,216,High
1.6,6.65,4387,3.23,72.4,Whole Milk,326,High
4.8,6.69,887,0.11,64.6,Fat-Free Milk,302,High
4.3,6.76,78516,0.18,56.7,Fat-Free Milk,172,High
1.8,6.72,2254,0.09,60.9,Fat-Free Milk,338,High
5.2,6.67,1213,0.04,67.9,Fat-Free Milk,300,High
3.4,6.72,5722,0.2,63.5,Fat-Free Milk,354,High
10.7,6.67,3699,0.04,67.3,Fat-Free Milk,159,Medium
5.3,6.74,8350,2.02,61.2,2% Milk,260,High
14.3,6.59,3707,1.87,68.3,2% Milk,54,Low
5.3,6.69,383,2.1,63.0,2% Milk,250,High
5.2,6.69,8709,1.9,59.1,2% Milk,259,High
6.1,6.68,1905,3.46,69.3,Whole Milk,235,High
3.6,6.63,28068,0.07,67.3,Fat-Free Milk,210,High
1.8,6.63,2204,2.04,67.2,2% Milk,371,High
4.8,6.66,2937,3.18,62.7,Whole Milk,254,High
3.7,6.7,1544,3.3,66.4,Whole Milk,264,High
2.8,6.7,10212,0.1,66.7,Fat-Free Milk,295,High
6.2,6.62,4588,1.83,62.2,2% Milk,257,High
5.7,6.82,10135,0.07,67.1,Fat-Free Milk,171,High
3.7,6.64,7848,0.12,70.1,Fat-Free Milk,260,High
6.7,6.71,3476,3.27,65.2,Whole Milk,204,High
3.5,6.65,3358,0.12,59.6,Fat-Free Milk,347,High
4.2,6.75,1938,1.92,60.2,2% Milk,308,High
0.4,6.7,1640,3.16,68.3,Whole Milk,427,High
3.5,6.65,7183,2.04,54.9,2% Milk,338,High
5.1,6.74,2289,2.05,59.1,2% Milk,242,High
6.0,6.7,7607,0.09,61.2,Fat-Free Milk,260,High
0.6,6.7,2284,0.1,58.9,Fat-Free Milk,334,High
7.1,6.71,34619,0.11,59.2,Fat-Free Milk,171,High
6.3,6.66,2288,0.14,69.6,Fat-Free Milk,242,High
2.9,6.81,3032,3.16,65.1,Whole Milk,384,High
3.4,6.69,1275,2.03,66.5,2% Milk,335,High
1.4,6.71,2599,2.02,60.7,2% Milk,342,High
2.7,6.64,1264,2.03,70.4,2% Milk,371,High
3.4,6.76,1340,0.12,66.3,Fat-Free Milk,350,High
7.5,6.69,3687,0.08,59.3,Fat-Free Milk,206,High
8.9,6.73,8194,0.16,58.9,Fat-Free Milk,255,High
6.4,6.76,3499,3.42,63.2,Whole Milk,254,High
10.3,6.6,1193,0.1,62.9,Fat-Free Milk,151,Medium
9.2,6.71,280,2.05,68.2,2% Milk,175,High
2.1,6.67,5547,3.39,66.2,Whole Milk,331,High
3.3,6.71,3097,0.14,70.0,Fat-Free Milk,349,High
3.1,6.71,2313,3.4,68.7,Whole Milk,352,High
5.0,6.65,9587,0.14,72.3,Fat-Free Milk,322,High
7.6,6.67,678,3.34,61.0,Whole Milk,213,High
4.1,6.74,7552,3.13,57.5,Whole Milk,299,High
4.0,6.7,687,2.02,61.0,2% Milk,244,High
4.4,6.73,1550,3.28,66.2,Whole Milk,277,High
10.6,6.63,6543,1.82,74.7,2% Milk,193,High
9.5,6.72,6328,1.89,68.3,2% Milk,169,High
7.8,6.66,13421,0.1,60.3,Fat-Free Milk,177,High
2.2,6.69,6510,1.97,66.5,2% Milk,326,High
2.5,6.75,1250,3.21,62.3,Whole Milk,377,High
3.8,6.77,14595,0.11,62.9,Fat-Free Milk,272,High
3.0,6.69,1956,0.13,60.6,Fat-Free Milk,351,High
4.9,6.66,2001,3.07,70.2,Whole Milk,253,High
3.6,6.64,2102,2.16,77.5,2% Milk,298,High
3.6,6.7,95930,0.14,61.8,Fat-Free Milk,201,High
6.0,6.68,16251,2.0,69.3,2% Milk,201,High
12.3,6.66,1149,3.44,65.9,Whole Milk,153,Medium
3.8,6.64,570,3.02,63.3,Whole Milk,300,High
6.0,6.62,5897,0.08,63.3,Fat-Free Milk,260,High
4.1,6.69,17208,1.96,71.7,2% Milk,225,High
6.0,6.83,3486,0.05,65.3,Fat-Free Milk,226,High
2.8,6.7,570,0.05,65.5,Fat-Free Milk,282,High
2.2,6.74,59276,2.01,65.1,2% Milk,228,High
3.3,6.69,3492,3.12,61.8,Whole Milk,297,High
6.2,6.7,1324,2.0,64.6,2% Milk,201,High
4.9,6.77,7396,3.27,55.7,Whole Milk,283,High
5.0,6.79,8710,1.96,55.6,2% Milk,228,High
5.3,6.65,2233,3.32,61.5,Whole Milk,295,High
2.9,6.74,1292,-0.0,65.2,Fat-Free Milk,394,High
3.3,6.82,859,0.14,69.4,Fat-Free Milk,357,High
5.4,6.71,5185,0.05,60.4,Fat-Free Milk,326,High
0.5,6.72,952,2.04,65.1,2% Milk,444,High
3.9,6.65,754,3.43,67.1,Whole Milk,330,High
8.1,6.66,2305,2.07,61.3,2% Milk,223,High
5.7,6.61,5335,3.24,63.6,Whole Milk,247,High
3.4,6.78,3119,0.11,64.3,Fat-Free Milk,371,High
10.2,6.62,1705,0.17,55.5,Fat-Free Milk,204,High
3.4,6.75,17055,0.14,68.3,Fat-Free Milk,229,High
1.9,6.65,10485,2.02,70.5,2% Milk,225,High
2.1,6.65,1143,0.01,50.9,Fat-Free Milk,301,High
5.0,6.68,3020,2.07,61.0,2% Milk,326,High
3.1,6.68,6136,3.6,66.2,Whole Milk,306,High
11.4,6.68,4142,3.27,65.3,Whole Milk,176,High
6.5,6.66,5070,3.18,60.0,Whole Milk,222,High
6.9,6.8,4397,0.07,69.8,Fat-Free Milk,232,High
1.9,6.63,498,0.09,65.5,Fat-Free Milk,319,High
12.7,6.65,92026,3.07,69.7,Whole Milk,79,Medium
4.8,6.67,6042,0.16,62.3,Fat-Free Milk,232,High
3.6,6.64,1300,2.11,74.6,2% Milk,304,High
6.7,6.69,17850,1.91,61.8,2% Milk,190,High
12.1,6.71,11501,0.05,65.0,Fat-Free Milk,97,Medium
3.2,6.75,17001,3.41,67.3,Whole Milk,253,High
5.3,6.62,4406,0.12,68.6,Fat-Free Milk,281,High
3.8,6.71,4476,0.16,56.1,Fat-Free Milk,284,High
4.1,6.7,6664,3.21,61.5,Whole Milk,338,High
4.3,6.69,1177,0.13,60.4,Fat-Free Milk,269,High
3.1,6.73,1260,3.31,65.3,Whole Milk,349,High
3.2,6.68,5983,2.01,68.7,2% Milk,328,High
7.2,6.61,2567,2.0,64.8,2% Milk,224,High
4.0,6.74,2626,0.16,59.2,Fat-Free Milk,331,High
4.0,6.78,957,0.1,68.9,Fat-Free Milk,275,High
4.0,6.63,2201,3.25,65.3,Whole Milk,249,High
2.8,6.67,1807,2.13,64.1,2% Milk,371,High
13.0,6.8,100,2.12,65.6,2% Milk,137,Medium
10.0,6.68,7944,3.38,68.3,Whole Milk,153,Medium
15.9,6.66,868,1.9,60.8,2% Milk,102,Medium
5.5,6.7,2125,3.3,67.4,Whole Milk,295,High
9.3,6.7,804,2.11,63.1,2% Milk,164,Medium
2.5,6.69,723,3.22,64.6,Whole Milk,360,High
6.0,6.73,4491,0.06,63.7,Fat-Free Milk,218,High
4.9,6.62,15730,0.09,64.5,Fat-Free Milk,219,High
11.0,6.7,3901,2.11,63.3,2% Milk,161,Medium
4.7,6.61,1981,0.17,65.4,Fat-Free Milk,246,High
3.1,6.64,5448,3.09,67.6,Whole Milk,335,High
5.4,6.72,21151,3.43,71.5,Whole Milk,205,High
4.9,6.72,9522,3.19,65.3,Whole Milk,266,High
5.4,6.71,5154,0.16,71.2,Fat-Free Milk,251,High
6.6,6.73,6161,0.03,64.6,Fat-Free Milk,229,High
4.0,6.59,753,0.11,72.9,Fat-Free Milk,125,Medium
2.4,6.71,16508,0.14,59.6,Fat-Free Milk,303,High
4.6,6.8,1021,1.85,64.4,2% Milk,233,High
9.8,6.72,1464,3.35,63.4,Whole Milk,173,High
4.4,6.75,547,0.07,62.2,Fat-Free Milk,274,High
3.0,6.69,7510,0.11,63.5,Fat-Free Milk,342,High
9.9,6.62,6707,2.06,65.3,2% Milk,146,Medium
3.7,6.66,650,3.33,71.3,Whole Milk,269,High
6.5,6.76,13399,0.15,69.6,Fat-Free Milk,223,High
5.3,6.72,750,3.16,62.0,Whole Milk,287,High
0.7,6.58,13580,0.14,67.6,Fat-Free Milk,164,Medium
3.5,6.64,5883,2.19,72.0,2% Milk,360,High
9.4,6.8,1051,1.89,62.8,2% Milk,205,High
8.7,6.71,1388,3.2,69.8,Whole Milk,195,High
3.7,6.72,3379,3.3,61.5,Whole Milk,336,High
3.7,6.72,5575,0.18,66.6,Fat-Free Milk,296,High
3.9,6.67,3282,0.1,64.7,Fat-Free Milk,317,High
12.4,6.72,4948,3.11,65.8,Whole Milk,133,Medium
3.0,6.72,2184,3.35,62.2,Whole Milk,382,High
1.4,6.71,2844,0.01,71.0,Fat-Free Milk,428,High
13.1,6.77,16655,1.92,71.4,2% Milk,117,Medium
7.3,6.7,4159,2.21,59.2,2% Milk,163,Medium
3.6,6.73,1787,1.91,73.7,2% Milk,255,High
2.8,6.71,52695,3.12,67.3,Whole Milk,151,Medium
0.5,6.63,31447,1.91,54.5,2% Milk,303,High
11.3,6.64,5569,3.04,61.8,Whole Milk,157,Medium
10.6,6.7,5829,0.11,66.1,Fat-Free Milk,158,Medium
9.1,6.66,1160,3.12,61.1,Whole Milk,175,High
0.7,6.63,3253,3.16,62.3,Whole Milk,491,High
8.0,6.63,10215,3.43,58.4,Whole Milk,174,High
5.6,6.77,4088,1.91,59.7,2% Milk,289,High
6.9,6.78,1632,0.12,74.2,Fat-Free Milk,242,High
5.4,6.6,1362,3.23,61.3,Whole Milk,276,High
8.2,6.66,3958,3.16,66.2,Whole Milk,196,High
2.1,6.64,2445,1.9,63.5,2% Milk,314,High
13.8,6.69,962,3.17,66.8,Whole Milk,110,Medium
2.4,6.63,7149,1.84,69.6,2% Milk,348,High
2.9,6.78,13296,0.05,68.8,Fat-Free Milk,277,High
3.5,6.66,12063,0.05,67.5,Fat-Free Milk,253,High
14.1,6.66,12313,3.4,60.5,Whole Milk,84,Medium
3.7,6.74,4183,1.95,68.9,2% Milk,282,High
0.4,6.69,6726,0.04,56.3,Fat-Free Milk,393,High
3.7,6.72,531,3.17,79.7,Whole Milk,287,High
6.5,6.64,7333,3.17,61.9,Whole Milk,252,High
1.4,6.63,5262,3.11,72.5,Whole Milk,403,High
4.1,6.73,4407,0.05,63.1,Fat-Free Milk,251,High
1.2,6.62,6115,1.97,62.2,2% Milk,346,High
3.9,6.6,4389,2.01,64.2,2% Milk,150,Medium
5.9,6.71,721,3.35,66.1,Whole Milk,251,High
4.5,6.67,6921,3.27,66.5,Whole Milk,259,High
3.4,6.68,1228,0.11,56.1,Fat-Free Milk,307,High
3.8,6.77,522,2.0,70.7,2% Milk,304,High
9.9,6.76,2483,3.19,59.5,Whole Milk,176,High
2.9,6.69,1738,3.25,65.1,Whole Milk,325,High
3.1,6.71,4043,3.21,72.2,Whole Milk,352,High
11.1,6.61,636,0.09,58.7,Fat-Free Milk,143,Medium
10.2,6.77,1747,0.07,64.1,Fat-Free Milk,153,Medium
11.7,6.8,811,3.4,72.2,Whole Milk,116,Medium
4.0,6.76,920,1.95,67.0,2% Milk,260,High
2.1,6.74,4823,3.05,64.3,Whole Milk,322,High
11.1,6.69,9103,2.09,70.3,2% Milk,177,High
1.9,6.71,820,0.16,65.9,Fat-Free Milk,323,High
16.5,6.69,2007,3.31,58.2,Whole Milk,103,Medium
10.2,6.69,3497,0.09,76.1,Fat-Free Milk,163,Medium
3.4,6.66,1344,0.17,64.2,Fat-Free Milk,374,High
2.7,6.69,4082,3.32,60.4,Whole Milk,359,High
12.4,6.66,11460,0.11,58.7,Fat-Free Milk,122,Medium
7.9,6.74,4628,1.85,65.6,2% Milk,211,High
4.6,6.69,9675,3.08,64.5,Whole Milk,294,High
3.1,6.64,13557,0.09,70.0,Fat-Free Milk,270,High
1.8,6.73,4958,3.16,59.2,Whole Milk,396,High
5.0,6.65,17261,0.16,61.3,Fat-Free Milk,222,High
10.0,6.8,753,1.99,67.0,2% Milk,162,Medium
5.4,6.69,6892,3.19,62.3,Whole Milk,220,High
5.9,6.71,437,1.94,65.5,2% Milk,199,High
7.5,6.7,1500,0.05,65.8,Fat-Free Milk,245,High
7.2,6.62,4571,3.35,77.5,Whole Milk,208,High
3.8,6.65,4886,3.19,59.8,Whole Milk,298,High
2.0,6.66,778,0.1,63.6,Fat-Free Milk,341,High
5.2,6.71,2377,2.01,62.1,2% Milk,295,High
3.4,6.67,2404,0.13,67.7,Fat-Free Milk,312,High
9.3,6.72,8685,3.09,58.9,Whole Milk,153,Medium
3.4,6.68,10829,0.18,64.1,Fat-Free Milk,302,High
2.0,6.65,17626,0.04,61.4,Fat-Free Milk,276,High
2.9,6.72,7118,2.0,71.3,2% Milk,300,High
4.9,6.66,888,2.12,67.1,2% Milk,292,High
5.4,6.7,8647,3.25,72.5,Whole Milk,257,High
5.7,6.77,2800,3.26,67.8,Whole Milk,304,High
1.7,6.69,6683,0.1,61.5,Fat-Free Milk,412,High
2.5,6.71,765,0.06,71.4,Fat-Free Milk,368,High
7.3,6.73,5030,3.33,66.2,Whole Milk,229,High
4.0,6.71,12352,0.14,66.9,Fat-Free Milk,247,High
1.7,6.72,2620,1.99,66.2,2% Milk,372,High
11.9,6.69,245,2.03,62.7,2% Milk,128,Medium
7.4,6.64,8036,1.79,60.9,2% Milk,242,High
4.1,6.8,3081,0.03,61.1,Fat-Free Milk,285,High
9.8,6.72,1200,2.02,70.8,2% Milk,202,High
6.6,6.78,807,2.18,59.1,2% Milk,230,High
8.7,6.75,10048,2.1,56.1,2% Milk,162,Medium
7.1,6.73,916,0.11,65.4,Fat-Free Milk,240,High
5.1,6.69,18961,-0.02,66.7,Fat-Free Milk,199,High
9.1,6.63,6217,0.04,53.5,Fat-Free Milk,157,Medium
4.4,6.7,23761,0.1,67.5,Fat-Free Milk,257,High
3.6,6.7,1601,0.09,70.7,Fat-Free Milk,311,High
9.7,6.67,16173,1.98,66.8,2% Milk,154,Medium
5.3,6.66,8431,2.04,68.5,2% Milk,264,High
2.4,6.67,2893,3.14,66.1,Whole Milk,291,High
4.1,6.74,2573,0.14,72.1,Fat-Free Milk,288,High
10.0,6.69,973,0.07,68.5,Fat-Free Milk,147,Medium
3.4,6.71,1108,0.03,65.0,Fat-Free Milk,296,High
3.3,6.7,1843,3.32,64.9,Whole Milk,292,High
3.6,6.68,6988,0.15,61.4,Fat-Free Milk,331,High
10.3,6.7,1797,2.04,57.3,2% Milk,151,Medium
7.8,6.68,2568,1.78,64.0,2% Milk,224,High
1.8,6.63,678,1.99,65.5,2% Milk,411,High
10.3,6.74,8870,0.11,63.3,Fat-Free Milk,168,Medium
6.4,6.68,204,0.12,61.4,Fat-Free Milk,238,High
6.9,6.75,4522,1.98,72.0,2% Milk,200,High
0.5,6.68,414,2.03,71.8,2% Milk,343,High
2.8,6.61,11117,0.03,67.8,Fat-Free Milk,274,High
0.8,6.68,4642,0.06,65.2,Fat-Free Milk,416,High
2.5,6.65,619,0.15,64.4,Fat-Free Milk,343,High
4.9,6.7,1856,0.09,60.2,Fat-Free Milk,271,High
6.1,6.72,1061,2.05,69.2,2% Milk,304,High
12.1,6.74,10304,0.06,64.6,Fat-Free Milk,113,Medium
4.2,6.76,2142,2.08,64.7,2% Milk,294,High
0.7,6.6,2808,3.16,62.3,Whole Milk,201,High
4.9,6.63,4434,0.07,64.8,Fat-Free Milk,293,High
4.1,6.74,5889,1.89,75.6,2% Milk,349,High
7.6,6.62,3402,2.17,66.6,2% Milk,271,High
8.5,6.65,2665,3.35,63.8,Whole Milk,230,High
7.2,6.71,3114,0.16,54.9,Fat-Free Milk,232,High
6.8,6.68,18948,3.27,62.7,Whole Milk,173,High
2.5,6.82,5001,0.15,67.4,Fat-Free Milk,332,High
4.3,6.71,4101,3.32,73.3,Whole Milk,252,High
4.1,6.65,4157,3.35,68.6,Whole Milk,326,High
6.1,6.73,28511,2.08,64.8,2% Milk,166,Medium
4.2,6.73,1947,1.95,67.6,2% Milk,279,High
5.8,6.62,571,0.05,72.1,Fat-Free Milk,242,High
4.6,6.67,6326,0.0,66.9,Fat-Free Milk,274,High
4.8,6.68,59855,0.11,66.2,Fat-Free Milk,172,High
3.3,6.67,1080,1.93,60.5,2% Milk,291,High
1.9,6.61,834,0.09,69.0,Fat-Free Milk,345,High
14.2,6.7,2384,0.1,63.3,Fat-Free Milk,100,Medium
7.8,6.65,11629,2.05,69.2,2% Milk,166,Medium
11.0,6.74,423,1.74,58.4,2% Milk,170,High
5.0,6.68,9232,2.14,67.7,2% Milk,270,High
6.2,6.77,454,1.96,60.9,2% Milk,237,High
4.0,6.79,5836,0.11,72.2,Fat-Free Milk,316,High
3.2,6.6,4174,3.07,59.8,Whole Milk,359,High
3.6,6.74,4050,3.35,73.4,Whole Milk,299,High
4.5,6.72,1809,3.28,66.0,Whole Milk,326,High
3.0,6.64,625,3.25,66.2,Whole Milk,325,High
12.7,6.69,3893,3.2,58.4,Whole Milk,160,Medium
3.9,6.7,1485,3.01,68.1,Whole Milk,234,High
16.2,6.7,2430,3.29,57.4,Whole Milk,109,Medium
2.5,6.65,10337,0.03,59.1,Fat-Free Milk,273,High
11.9,6.71,1103,0.12,63.7,Fat-Free Milk,136,Medium
1.8,6.66,8760,3.24,62.6,Whole Milk,354,High
4.5,6.75,1811,1.8,55.9,2% Milk,339,High
5.8,6.72,3940,3.26,62.7,Whole Milk,272,High
6.9,6.67,8070,3.31,52.9,Whole Milk,214,High
5.3,6.69,3708,3.28,64.9,Whole Milk,275,High
5.6,6.83,614,0.11,65.3,Fat-Free Milk,242,High
5.6,6.74,5272,2.12,61.8,2% Milk,263,High
4.9,6.61,5047,2.05,68.3,2% Milk,265,High
2.5,6.74,485,3.22,59.9,Whole Milk,349,High
7.8,6.71,13593,3.24,65.6,Whole Milk,188,High
5.6,6.79,1965,2.95,54.1,Whole Milk,248,High
5.8,6.7,2315,3.15,70.7,Whole Milk,222,High
5.7,6.78,6039,0.04,62.2,Fat-Free Milk,271,High
5.6,6.74,2178,1.8,66.4,2% Milk,242,High
11.5,6.64,14533,1.97,61.8,2% Milk,137,Medium
5.8,6.72,2255,2.16,63.0,2% Milk,246,High
2.5,6.58,695,0.14,65.7,Fat-Free Milk,120,Medium
1.3,6.72,2022,3.31,63.9,Whole Milk,382,High
10.6,6.77,3108,0.01,65.9,Fat-Free Milk,167,Medium
5.6,6.6,765,0.03,72.9,Fat-Free Milk,142,Medium
7.4,6.63,305,0.2,67.2,Fat-Free Milk,244,High
4.8,6.7,3659,2.11,63.8,2% Milk,291,High
3.1,6.7,36318,2.0,73.9,2% Milk,254,High
3.8,6.61,3573,3.2,65.6,Whole Milk,326,High
3.9,6.8,7068,0.13,52.3,Fat-Free Milk,297,High
2.8,6.72,1276,0.07,75.0,Fat-Free Milk,284,High
12.9,6.64,1224,3.15,63.9,Whole Milk,122,Medium
8.4,6.73,2830,1.98,70.6,2% Milk,166,Medium
6.7,6.78,578,1.91,62.8,2% Milk,249,High
1.8,6.75,1690,-0.01,63.6,Fat-Free Milk,362,High
4.1,6.7,1204,2.09,68.9,2% Milk,302,High
3.2,6.67,3015,1.91,68.0,2% Milk,318,High
7.5,6.81,27884,3.3,62.3,Whole Milk,165,Medium
9.7,6.69,1675,2.02,65.3,2% Milk,179,High
3.4,6.67,1546,0.04,69.3,Fat-Free Milk,287,High
12.2,6.71,5650,3.09,68.0,Whole Milk,150,Medium
9.6,6.7,1660,2.06,72.4,2% Milk,178,High
2.7,6.66,6378,0.11,64.5,Fat-Free Milk,287,High
14.3,6.61,14820,3.21,58.3,Whole Milk,111,Medium
1.7,6.59,1015,1.95,58.2,2% Milk,195,High
5.4,6.71,4423,0.08,65.9,Fat-Free Milk,267,High
3.7,6.7,1372,0.13,68.4,Fat-Free Milk,308,High
7.8,6.68,581,2.04,64.7,2% Milk,197,High
3.7,6.6,28588,3.15,66.4,Whole Milk,112,Medium
3.4,6.78,19650,1.88,67.3,2% Milk,216,High
4.2,6.67,1808,0.04,63.1,Fat-Free Milk,247,High
14.1,6.7,2247,3.38,69.7,Whole Milk,127,Medium
1.6,6.73,3917,2.0,69.5,2% Milk,290,High
2.4,6.74,2561,2.03,66.6,2% Milk,379,High
6.7,6.71,2500,3.26,69.3,Whole Milk,231,High
9.6,6.62,2463,2.09,67.9,2% Milk,166,Medium
0.7,6.75,4346,0.1,65.7,Fat-Free Milk,381,High
12.0,6.8,6825,3.21,60.3,Whole Milk,147,Medium
12.5,6.61,939,3.19,60.7,Whole Milk,149,Medium
4.7,6.72,4307,3.16,70.2,Whole Milk,306,High
11.4,6.74,13073,2.13,73.7,2% Milk,117,Medium
3.5,6.67,10461,1.99,60.2,2% Milk,215,High
8.3,6.78,5931,3.32,65.0,Whole Milk,187,High
6.6,6.65,2246,3.32,56.6,Whole Milk,248,High
7.7,6.61,14452,0.1,71.4,Fat-Free Milk,175,High
1.1,6.61,1789,1.9,70.8,2% Milk,406,High
4.3,6.67,3906,3.2,68.1,Whole Milk,355,High
12.2,6.72,886,3.51,70.4,Whole Milk,131,Medium
6.3,6.8,5443,2.11,69.8,2% Milk,247,High
5.1,6.69,1625,0.05,62.8,Fat-Free Milk,274,High
9.8,6.64,20527,1.96,67.4,2% Milk,151,Medium
2.9,6.71,1023,0.19,56.7,Fat-Free Milk,298,High
4.8,6.73,196,0.09,62.5,Fat-Free Milk,288,High
12.6,6.67,2310,0.11,58.5,Fat-Free Milk,129,Medium
3.2,6.65,4342,2.13,67.3,2% Milk,367,High
5.2,6.69,1885,3.41,62.1,Whole Milk,255,High
1.7,6.75,3022,2.1,76.6,2% Milk,382,High
9.6,6.6,11119,2.21,62.3,2% Milk,122,Medium
3.3,6.72,13973,2.12,64.8,2% Milk,230,High
11.3,6.61,2158,3.35,70.4,Whole Milk,166,Medium
6.0,6.67,3370,0.12,63.8,Fat-Free Milk,315,High
9.5,6.69,5893,3.35,72.4,Whole Milk,210,High
3.9,6.67,12609,3.39,70.3,Whole Milk,205,High
4.0,6.65,4081,0.1,67.0,Fat-Free Milk,310,High
2.4,6.61,2482,0.06,65.2,Fat-Free Milk,356,High
13.5,6.69,9184,0.12,75.0,Fat-Free Milk,140,Medium
3.5,6.65,1523,2.02,64.1,2% Milk,288,High
2.6,6.73,434,0.13,65.2,Fat-Free Milk,422,High
9.1,6.72,1004,3.14,68.9,Whole Milk,180,High
2.8,6.77,4660,0.07,69.1,Fat-Free Milk,380,High
5.2,6.67,2526,1.76,64.0,2% Milk,261,High
3.8,6.73,754,1.89,64.1,2% Milk,267,High
7.0,6.57,16055,1.96,65.3,2% Milk,94,Medium
4.3,6.66,10646,1.98,62.5,2% Milk,243,High
0.3,6.67,2033,3.22,56.7,Whole Milk,436,High
5.9,6.81,3539,1.84,64.5,2% Milk,263,High
3.8,6.61,6098,3.41,65.3,Whole Milk,311,High
3.6,6.74,4669,0.13,73.5,Fat-Free Milk,325,High
5.7,6.75,3856,2.18,60.0,2% Milk,213,High
11.8,6.76,9037,3.43,70.6,Whole Milk,144,Medium
3.5,6.66,1988,3.23,66.4,Whole Milk,315,High
3.3,6.73,1545,0.11,62.1,Fat-Free Milk,293,High
1.5,6.69,50295,3.37,72.2,Whole Milk,262,High
4.9,6.71,1027,0.13,69.3,Fat-Free Milk,279,High
3.8,6.67,983,3.3,67.4,Whole Milk,348,High
1.4,6.71,12801,0.05,67.0,Fat-Free Milk,315,High
3.0,6.72,274,3.24,64.7,Whole Milk,318,High
8.5,6.78,3246,3.32,70.1,Whole Milk,215,High
6.6,6.69,3377,1.99,66.6,2% Milk,209,High
2.9,6.73,2738,1.98,68.6,2% Milk,278,High
7.9,6.73,3434,2.08,70.7,2% Milk,213,High
1.9,6.66,11305,3.28,66.8,Whole Milk,258,High
4.1,6.65,2497,3.3,65.3,Whole Milk,297,High
2.4,6.71,5473,1.93,55.4,2% Milk,326,High
5.7,6.67,21676,0.13,69.3,Fat-Free Milk,209,High
4.2,6.72,7616,1.89,66.1,2% Milk,300,High
10.2,6.69,3485,3.31,63.8,Whole Milk,174,High
10.4,6.73,2042,3.42,69.4,Whole Milk,146,Medium
7.0,6.67,495,0.0,63.7,Fat-Free Milk,230,High
1.7,6.77,2369,1.93,71.1,2% Milk,395,High
9.9,6.72,6123,3.37,62.2,Whole Milk,213,High
4.8,6.64,3196,0.14,71.6,Fat-Free Milk,297,High
5.1,6.62,3524,3.11,66.4,Whole Milk,281,High
12.2,6.68,32260,0.12,60.5,Fat-Free Milk,115,Medium
5.2,6.71,2401,1.94,65.7,2% Milk,258,High
5.9,6.79,3528,0.03,63.8,Fat-Free Milk,234,High
6.0,6.68,3145,0.13,67.2,Fat-Free Milk,224,High
4.4,6.72,10594,1.95,71.9,2% Milk,219,High
2.9,6.68,1265,3.2,60.9,Whole Milk,327,High
4.4,6.68,2810,3.3,55.8,Whole Milk,342,High
4.6,6.75,1272,3.35,62.5,Whole Milk,307,High
4.8,6.81,13962,1.98,69.2,2% Milk,223,High
1.4,6.71,3629,0.15,60.0,Fat-Free Milk,445,High
4.5,6.7,5070,3.32,66.9,Whole Milk,288,High
8.0,6.69,3862,0.19,63.5,Fat-Free Milk,230,High
2.5,6.64,2398,3.29,68.5,Whole Milk,379,High
3.7,6.73,8663,3.27,65.9,Whole Milk,302,High
5.1,6.71,3342,3.25,68.6,Whole Milk,247,High
3.4,6.73,687,3.35,57.9,Whole Milk,287,High
2.4,6.65,1827,3.2,57.6,Whole Milk,350,High
7.8,6.65,4268,3.29,72.4,Whole Milk,167,Medium
3.5,6.62,743,0.09,66.2,Fat-Free Milk,328,High
3.3,6.68,8021,0.06,58.6,Fat-Free Milk,351,High
2.9,6.71,3904,3.38,62.6,Whole Milk,309,High
5.5,6.58,23579,0.13,62.9,Fat-Free Milk,106,Medium
6.4,6.76,7934,2.09,70.3,2% Milk,234,High
7.9,6.64,2174,0.03,71.7,Fat-Free Milk,249,High
1.1,6.74,25777,0.06,59.4,Fat-Free Milk,308,High
5.7,6.81,13861,0.1,67.6,Fat-Free Milk,197,High
2.3,6.63,5049,0.13,63.8,Fat-Free Milk,338,High
14.1,6.76,16612,1.79,67.4,2% Milk,80,Medium
6.7,6.71,1304,2.04,66.7,2% Milk,252,High
7.0,6.65,2254,2.15,61.0,2% Milk,263,High
2.7,6.68,10255,2.18,58.3,2% Milk,312,High
3.4,6.76,2330,3.3,70.1,Whole Milk,328,High
3.1,6.61,2554,0.09,66.2,Fat-Free Milk,240,High
0.9,6.65,559,0.12,61.0,Fat-Free Milk,424,High
5.1,6.7,11075,3.13,62.7,Whole Milk,205,High
9.0,6.66,3226,1.98,55.7,2% Milk,173,High
10.4,6.7,3385,0.06,63.5,Fat-Free Milk,161,Medium
8.5,6.67,101,1.87,71.8,2% Milk,215,High
12.7,6.72,567,0.08,68.0,Fat-Free Milk,125,Medium
2.5,6.7,927,-0.05,64.3,Fat-Free Milk,364,High
3.8,6.79,8591,3.3,66.1,Whole Milk,319,High
5.1,6.78,628,0.12,66.5,Fat-Free Milk,253,High
4.8,6.75,2685,3.25,65.9,Whole Milk,200,High
2.3,6.68,3901,0.18,70.0,Fat-Free Milk,392,High
12.0,6.64,420,0.02,66.4,Fat-Free Milk,134,Medium
4.2,6.7,1019,0.1,70.6,Fat-Free Milk,261,High
4.6,6.64,544,0.17,74.9,Fat-Free Milk,308,High
4.3,6.74,1486,3.09,55.2,Whole Milk,354,High
4.2,6.74,1946,0.14,64.1,Fat-Free Milk,293,High
5.8,6.73,1618,0.11,57.7,Fat-Free Milk,187,High
4.2,6.7,324,0.09,55.5,Fat-Free Milk,335,High
3.3,6.73,17689,2.0,61.8,2% Milk,263,High
8.5,6.75,207,3.26,66.5,Whole Milk,220,High
3.1,6.64,1848,3.19,65.9,Whole Milk,366,High
6.2,6.68,833,3.24,52.0,Whole Milk,268,High
1.2,6.71,3055,2.0,70.0,2% Milk,415,High
5.9,6.61,2826,3.24,67.8,Whole Milk,272,High
4.2,6.65,5054,0.08,61.4,Fat-Free Milk,327,High
5.5,6.79,12075,0.05,76.8,Fat-Free Milk,247,High
15.4,6.64,467,2.03,60.8,2% Milk,114,Medium
8.6,6.69,2173,2.06,66.1,2% Milk,184,High
3.1,6.68,589,1.86,68.2,2% Milk,299,High
5.9,6.64,2871,0.15,59.7,Fat-Free Milk,283,High
3.5,6.7,9703,3.34,61.0,Whole Milk,306,High
3.6,6.59,1731,3.14,66.8,Whole Milk,155,Medium
6.5,6.66,6506,0.08,65.7,Fat-Free Milk,284,High
8.0,6.69,6830,1.99,74.0,2% Milk,211,High
3.2,6.68,984,0.2,65.2,Fat-Free Milk,352,High
4.2,6.73,1761,0.06,70.5,Fat-Free Milk,273,High
4.2,6.71,5937,0.06,67.2,Fat-Free Milk,306,High
6.9,6.68,1689,3.31,66.8,Whole Milk,254,High
5.4,6.71,9353,2.04,72.5,2% Milk,257,High
8.8,6.71,1478,3.14,65.4,Whole Milk,203,High
4.2,6.74,613,1.94,69.2,2% Milk,317,High
1.3,6.77,9600,2.08,64.4,2% Milk,373,High
4.6,6.74,386,1.75,77.2,2% Milk,259,High
11.6,6.63,3429,2.03,61.2,2% Milk,175,High
4.0,6.71,8935,0.13,66.4,Fat-Free Milk,305,High
9.5,6.63,841,3.23,55.9,Whole Milk,194,High
3.3,6.69,1219,2.02,54.7,2% Milk,340,High
4.4,6.73,5842,0.06,66.5,Fat-Free Milk,317,High
5.1,6.7,2050,3.22,61.3,Whole Milk,253,High
10.3,6.71,5966,0.08,68.8,Fat-Free Milk,155,Medium
1.9,6.73,1505,2.15,66.9,2% Milk,354,High
9.3,6.62,1218,3.43,55.5,Whole Milk,191,High
4.7,6.78,2335,0.02,61.7,Fat-Free Milk,316,High
4.3,6.68,1888,3.36,65.7,Whole Milk,304,High
3.8,6.71,4442,3.36,67.4,Whole Milk,310,High
2.6,6.71,3505,0.08,76.1,Fat-Free Milk,337,High
4.9,6.76,1016,3.42,73.0,Whole Milk,344,High
5.0,6.76,1768,0.14,59.9,Fat-Free Milk,285,High
3.9,6.71,4568,2.08,59.2,2% Milk,332,High
1.0,6.7,541,0.08,63.3,Fat-Free Milk,430,High
5.3,6.68,2388,1.82,67.0,2% Milk,287,High
14.9,6.7,324,0.13,61.9,Fat-Free Milk,111,Medium
2.5,6.61,1400,0.01,69.3,Fat-Free Milk,310,High
4.6,6.68,3814,2.07,68.0,2% Milk,291,High
10.6,6.69,8692,0.04,62.2,Fat-Free Milk,164,Medium
4.3,6.76,3793,2.12,62.1,2% Milk,327,High
12.6,6.67,1621,1.98,56.3,2% Milk,138,Medium
3.8,6.73,2553,1.92,65.3,2% Milk,386,High
5.4,6.71,951,3.24,71.2,Whole Milk,269,High
3.4,6.65,4495,1.94,71.6,2% Milk,287,High
4.9,6.73,983,0.12,58.0,Fat-Free Milk,240,High
4.7,6.67,134,3.11,68.2,Whole Milk,259,High
4.2,6.73,3144,3.28,58.3,Whole Milk,310,High
3.9,6.73,5773,0.15,63.5,Fat-Free Milk,247,High
2.9,6.71,4471,0.12,70.7,Fat-Free Milk,341,High
7.2,6.74,5825,3.27,64.3,Whole Milk,208,High
5.0,6.66,3934,3.38,74.3,Whole Milk,273,High
3.6,6.72,15890,3.26,70.5,Whole Milk,216,High
12.8,6.71,1517,3.38,70.4,Whole Milk,111,Medium
8.6,6.63,43291,3.34,64.2,Whole Milk,152,Medium
5.3,6.69,5534,1.78,66.8,2% Milk,245,High
5.3,6.66,1525,0.09,62.1,Fat-Free Milk,301,High
6.4,6.74,25833,3.3,55.7,Whole Milk,220,High
3.6,6.71,1954,3.16,66.2,Whole Milk,286,High
3.3,6.7,640,3.3,73.4,Whole Milk,331,High
4.3,6.69,11409,3.09,70.1,Whole Milk,211,High
14.9,6.72,48965,2.0,71.1,2% Milk,97,Medium
5.6,6.75,1734,3.04,63.6,Whole Milk,259,High
5.1,6.74,4403,1.98,68.6,2% Milk,229,High
5.2,6.77,4696,3.24,67.2,Whole Milk,289,High
2.9,6.65,1875,1.9,57.3,2% Milk,351,High
0.6,6.65,1645,0.0,63.1,Fat-Free Milk,402,High
4.5,6.61,1834,2.09,65.8,2% Milk,294,High
4.5,6.75,546,3.26,59.2,Whole Milk,230,High
2.0,6.71,5199,0.01,63.7,Fat-Free Milk,411,High
9.8,6.77,20147,0.14,75.5,Fat-Free Milk,141,Medium
2.7,6.76,9021,3.18,60.7,Whole Milk,338,High
11.8,6.63,669,0.12,73.0,Fat-Free Milk,133,Medium
4.9,6.68,1387,0.12,65.2,Fat-Free Milk,250,High
8.3,6.72,4295,3.01,72.2,Whole Milk,206,High
4.1,6.7,234,2.15,66.0,2% Milk,241,High
8.0,6.73,3015,0.05,71.3,Fat-Free Milk,191,High
6.6,6.72,272,0.11,63.6,Fat-Free Milk,257,High
3.9,6.71,23922,0.14,73.6,Fat-Free Milk,239,High
4.1,6.61,26328,0.05,67.3,Fat-Free Milk,227,High
1.9,6.77,5091,1.97,73.7,2% Milk,337,High
2.7,6.66,9420,1.92,72.4,2% Milk,350,High
15.7,6.69,6054,3.22,67.6,Whole Milk,104,Medium
5.2,6.58,421,3.33,67.6,Whole Milk,129,Medium
3.3,6.68,1988,1.91,65.5,2% Milk,330,High
3.2,6.75,904,1.93,70.8,2% Milk,336,High
7.4,6.73,7446,0.12,64.0,Fat-Free Milk,215,High
16.3,6.67,2253,2.15,70.5,2% Milk,107,Medium
3.5,6.74,9300,0.05,66.8,Fat-Free Milk,276,High
2.8,6.7,1134,0.16,74.0,Fat-Free Milk,335,High
9.3,6.61,5151,0.09,68.4,Fat-Free Milk,184,High
5.7,6.71,422,3.35,63.0,Whole Milk,268,High
2.0,6.72,238,1.84,69.0,2% Milk,414,High
3.0,6.68,942,1.97,66.1,2% Milk,335,High
2.1,6.7,3306,3.18,63.0,Whole Milk,344,High
5.4,6.67,1814,1.83,63.6,2% Milk,290,High
5.9,6.73,2772,1.89,70.5,2% Milk,248,High
5.6,6.69,4324,3.15,68.8,Whole Milk,273,High
2.4,6.64,788,2.14,76.0,2% Milk,317,High
4.6,6.73,5195,3.34,60.1,Whole Milk,313,High
3.5,6.72,4655,3.11,63.9,Whole Milk,254,High
11.5,6.57,3414,2.01,60.1,2% Milk,71,Low
5.0,6.71,2044,3.17,64.3,Whole Milk,311,High
6.4,6.72,13133,1.81,64.1,2% Milk,214,High
4.8,6.81,4058,0.19,64.3,Fat-Free Milk,264,High
12.6,6.66,9460,1.98,73.1,2% Milk,115,Medium
3.5,6.69,1232,3.25,64.8,Whole Milk,276,High
12.8,6.69,1161,0.15,63.2,Fat-Free Milk,121,Medium
3.7,6.68,10717,3.31,56.8,Whole Milk,237,High
13.9,6.71,1397,2.06,60.2,2% Milk,105,Medium
2.9,6.78,358,0.22,56.5,Fat-Free Milk,369,High
4.0,6.66,8171,0.13,64.3,Fat-Free Milk,269,High
4.1,6.75,6931,1.99,54.7,2% Milk,342,High
6.7,6.65,1678,2.02,64.3,2% Milk,211,High
2.9,6.68,4267,3.27,63.2,Whole Milk,360,High
2.8,6.7,5219,1.94,54.5,2% Milk,329,High
5.9,6.71,3622,1.91,61.3,2% Milk,245,High
2.6,6.74,14224,3.26,65.8,Whole Milk,243,High
6.3,6.72,3434,0.1,65.9,Fat-Free Milk,230,High
5.2,6.72,605,2.0,68.1,2% Milk,262,High
6.8,6.71,1450,3.22,63.0,Whole Milk,204,High
9.9,6.65,4813,0.1,67.1,Fat-Free Milk,178,High
4.9,6.63,18268,2.06,61.2,2% Milk,217,High
3.7,6.7,5840,3.3,74.9,Whole Milk,333,High
11.9,6.75,4073,3.18,70.2,Whole Milk,131,Medium
13.5,6.8,6601,1.85,75.0,2% Milk,120,Medium
13.5,6.74,5707,3.41,59.1,Whole Milk,118,Medium
6.2,6.71,9548,3.13,65.1,Whole Milk,237,High
4.1,6.7,4169,1.83,64.9,2% Milk,281,High
13.3,6.67,1568,3.33,58.5,Whole Milk,107,Medium
4.1,6.76,1689,3.41,60.9,Whole Milk,294,High
10.6,6.73,3535,1.89,63.7,2% Milk,199,High
5.8,6.63,1554,0.1,57.8,Fat-Free Milk,257,High
14.7,6.64,24583,0.14,68.1,Fat-Free Milk,78,Medium
4.5,6.68,6745,3.17,60.7,Whole Milk,267,High
3.8,6.72,1930,1.94,65.9,2% Milk,335,High
4.5,6.72,2263,3.19,59.6,Whole Milk,300,High
5.6,6.61,3517,1.99,70.1,2% Milk,268,High
3.4,6.73,3321,1.88,66.7,2% Milk,300,High
5.4,6.74,11039,1.79,68.9,2% Milk,235,High
6.3,6.73,2330,2.16,74.1,2% Milk,225,High
4.7,6.69,176,0.08,62.9,Fat-Free Milk,293,High
14.9,6.77,27132,3.24,66.3,Whole Milk,99,Medium
2.8,6.73,1138,2.05,61.3,2% Milk,318,High
7.5,6.69,1726,3.3,69.2,Whole Milk,210,High
3.9,6.69,18217,3.42,66.3,Whole Milk,251,High
3.8,6.62,539,1.85,62.4,2% Milk,334,High
8.7,6.74,6226,0.12,67.4,Fat-Free Milk,186,High
3.4,6.68,4804,1.96,68.0,2% Milk,313,High
4.9,6.65,9535,1.86,62.9,2% Milk,263,High
3.7,6.6,3417,3.38,63.3,Whole Milk,297,High
3.6,6.76,3513,0.08,61.6,Fat-Free Milk,343,High
1.2,6.7,3763,0.03,70.7,Fat-Free Milk,393,High
3.2,6.82,7806,0.09,64.7,Fat-Free Milk,327,High
2.9,6.74,1997,1.83,59.7,2% Milk,396,High
3.8,6.79,11906,0.06,64.8,Fat-Free Milk,242,High
10.7,6.74,3571,3.18,64.7,Whole Milk,141,Medium
2.8,6.68,4610,0.1,71.1,Fat-Free Milk,372,High
4.3,6.75,9887,1.86,63.9,2% Milk,266,High
8.6,6.63,7845,0.09,66.9,Fat-Free Milk,157,Medium
3.6,6.61,3470,3.34,68.8,Whole Milk,333,High
8.0,6.71,4031,0.1,66.8,Fat-Free Milk,206,High
1.8,6.75,5148,1.92,68.4,2% Milk,419,High
4.2,6.75,988,3.27,72.7,Whole Milk,344,High
13.7,6.65,18820,0.07,62.2,Fat-Free Milk,98,Medium
3.4,6.69,13821,3.06,59.2,Whole Milk,272,High
5.8,6.7,3832,3.26,66.2,Whole Milk,226,High
11.8,6.68,5448,2.06,69.6,2% Milk,163,Medium
1.5,6.71,3880,1.94,65.8,2% Milk,300,High
6.4,6.72,6059,1.83,66.9,2% Milk,226,High
5.2,6.74,40610,2.07,76.0,2% Milk,219,High
3.3,6.66,3084,3.39,66.1,Whole Milk,337,High
4.4,6.71,2128,1.92,65.1,2% Milk,266,High
7.9,6.67,11612,3.21,57.9,Whole Milk,145,Medium
1.6,6.79,14868,1.92,60.6,2% Milk,288,High
11.7,6.73,4167,2.02,74.3,2% Milk,150,Medium
10.0,6.72,8800,0.01,71.7,Fat-Free Milk,182,High
2.7,6.69,582,1.98,61.9,2% Milk,352,High
5.4,6.82,7484,1.94,64.6,2% Milk,214,High
3.9,6.62,966,1.84,64.4,2% Milk,248,High
9.4,6.67,403,1.95,66.6,2% Milk,166,Medium
11.3,6.67,598,0.13,57.4,Fat-Free Milk,146,Medium
2.2,6.71,8252,3.22,71.5,Whole Milk,309,High
13.2,6.58,3502,2.02,66.0,2% Milk,69,Low
10.6,6.68,5141,1.91,73.2,2% Milk,172,High
0.7,6.72,4315,1.99,68.5,2% Milk,394,High
5.1,6.77,1900,3.37,64.3,Whole Milk,285,High
3.7,6.72,3351,1.94,70.1,2% Milk,275,High
5.1,6.69,412,0.11,63.2,Fat-Free Milk,237,High
3.0,6.66,7489,2.16,63.7,2% Milk,298,High
4.6,6.77,1529,0.2,69.5,Fat-Free Milk,262,High
10.9,6.66,1290,2.02,73.7,2% Milk,157,Medium
3.4,6.73,3501,2.11,60.8,2% Milk,357,High
